card_id,subject_id,sli,old_route,statistical_value,statistical_route,learned_route,status,valid_samples,n_train,n_holdout,learned_value,absolute_difference,different_value,route_changed,missing_measurement,context_fact,train_end,input_end,audit_time,clipped_predictions,holdout_pinball_loss
acad-68b0154e865f638d,redis-cart,error_ratio,candidate_for_stakeholder_review,0.0037735849056603,B,B,fitted,1381,949,432,0.004136583332871381,0.00036299842721108054,True,False,"M1,M2,M4",False,2025-06-13T16:57:00+00:00,2025-06-14T00:09:00+00:00,2025-06-14T00:10:00+00:00,0.0,0.00019221205439922686
acad-f7d8b2dcb5c4f7d6,cartservice,error_ratio,candidate_for_stakeholder_review,0.003508362026561669,B,B,fitted,1363,944,419,0.004861381982293222,0.001353019955731553,True,False,"M1,M2,M4",False,2025-06-07T16:57:00+00:00,2025-06-08T00:09:00+00:00,2025-06-08T00:10:00+00:00,0.0,0.000618382136237046
acad-062d96f3bb2d19bf,redis-cart,error_ratio,candidate_for_stakeholder_review,0.0038051949943911775,B,B,fitted,1439,1008,431,0.003806342272508313,1.1472781171356118e-06,True,False,"M1,M2,M4",False,2025-06-08T04:57:00+00:00,2025-06-08T12:09:00+00:00,2025-06-08T12:10:00+00:00,0.0,0.00023313243026319095
acad-6043061ade4a41e3,adservice,error_ratio,candidate_for_stakeholder_review,0.012644931390277576,B,B,fitted,1406,975,431,0.012461742120812247,0.0001831892694653288,True,False,"M1,M2,M4",False,2025-06-19T07:57:00+00:00,2025-06-19T15:09:00+00:00,2025-06-19T15:10:00+00:00,0.0,0.0005133227897966383
acad-edd180389dd8241a,adservice,error_ratio,candidate_for_stakeholder_review,0.012900456873875097,B,B,fitted,1383,974,409,0.013455596940814486,0.0005551400669393889,True,False,"M1,M2,M4",False,2025-06-20T18:57:00+00:00,2025-06-21T02:09:00+00:00,2025-06-21T02:10:00+00:00,0.0,0.0008113777035438918
acad-6a8ef3c20e5fcadc,cartservice,error_ratio,candidate_for_stakeholder_review,0.0035614368236803,B,B,fitted,1351,919,432,0.0029896162065350283,0.0005718206171452717,True,False,"M1,M2,M4",False,2025-06-07T13:57:00+00:00,2025-06-07T21:09:00+00:00,2025-06-07T21:10:00+00:00,0.0,0.0007356553114259513
acad-f5ceaffb4e446c98,cartservice,error_ratio,candidate_for_stakeholder_review,0.0023123489079974473,B,B,fitted,1379,959,420,0.0024271844660194,0.00011483555802195263,True,False,"M1,M2,M4",False,2025-06-07T22:57:00+00:00,2025-06-08T06:09:00+00:00,2025-06-08T06:10:00+00:00,0.0,0.0002007076962290392
acad-08b06a60628e7cd4,checkoutservice,error_ratio,candidate_for_stakeholder_review,0.02156731757451176,B,B,fitted,1163,812,351,0.08767979297323783,0.06611247539872607,True,False,"M1,M2,M4",False,2025-06-17T06:57:00+00:00,2025-06-17T14:09:00+00:00,2025-06-17T14:10:00+00:00,0.0,0.003156901798051087
acad-805be34e9bfd924d,cartservice,error_ratio,candidate_for_stakeholder_review,0.003337235228539529,B,B,fitted,1034,624,410,0.0033921302578018,5.489502926227111e-05,True,False,"M1,M2,M4",False,2025-06-24T02:57:00+00:00,2025-06-24T10:09:00+00:00,2025-06-24T10:10:00+00:00,0.0,0.0001604949614950643
acad-59a98e77d47003a6,adservice,error_ratio,candidate_for_stakeholder_review,0.012463692946058027,B,B,fitted,1235,871,364,0.012227852523773087,0.0002358404222849407,True,False,"M1,M2,M4",False,2025-06-10T08:57:00+00:00,2025-06-10T16:09:00+00:00,2025-06-10T16:10:00+00:00,0.0,0.000483267340806535
acad-e67e737df2294413,cartservice,error_ratio,candidate_for_stakeholder_review,0.003559534249951019,B,B,fitted,1338,919,419,0.004283939879015244,0.0007244056290642248,True,False,"M1,M2,M4",False,2025-06-07T15:57:00+00:00,2025-06-07T23:09:00+00:00,2025-06-07T23:10:00+00:00,0.0,0.0007649867335473803
acad-28b4c2116fef2880,frontend,error_ratio,candidate_for_stakeholder_review,0.1297539149888143,B,B,fitted,1381,969,412,0.15402133027498743,0.024267415286173127,True,False,"M1,M2,M4",False,2025-06-19T09:57:00+00:00,2025-06-19T17:09:00+00:00,2025-06-19T17:10:00+00:00,0.0,0.007547458057590029
acad-195258dd5eecece4,shippingservice,latency,candidate_for_stakeholder_review,1331.8466279999998,B,B,fitted,1423,991,432,1305.0100955559467,26.83653244405309,True,False,"M1,M2,M4",False,2025-06-08T23:57:00+00:00,2025-06-09T07:09:00+00:00,2025-06-09T07:10:00+00:00,0.0,14.090756895208747
acad-21fb45ed7b729e2d,currencyservice,latency,candidate_for_stakeholder_review,1263.514122,B,B,fitted,1405,973,432,1269.627116608531,6.112994608530926,True,False,"M1,M2,M4",False,2025-06-09T18:57:00+00:00,2025-06-10T02:09:00+00:00,2025-06-10T02:10:00+00:00,0.0,17.6778567962206
acad-34e3b3e835e03355,adservice,latency,candidate_for_stakeholder_review,4820.544854000002,B,B,fitted,1271,899,372,4505.622910302534,314.9219436974672,True,False,"M1,M2,M4",False,2025-06-08T21:57:00+00:00,2025-06-09T05:09:00+00:00,2025-06-09T05:10:00+00:00,0.0,88.98294603812762
acad-9d1eb4baebb5a08a,checkoutservice,latency,candidate_for_stakeholder_review,10331.966369999998,B,B,fitted,1290,899,391,9042.600568541515,1289.3658014584835,True,False,"M1,M2,M4",False,2025-06-19T18:57:00+00:00,2025-06-20T02:09:00+00:00,2025-06-20T02:10:00+00:00,0.0,246164.69313668946
acad-8b81f680f206438d,productcatalogservice,latency,candidate_for_stakeholder_review,8637.105780000002,B,B,fitted,1349,980,369,7645.451848101709,991.6539318982923,True,False,"M1,M2,M4",False,2025-06-09T22:57:00+00:00,2025-06-10T06:09:00+00:00,2025-06-10T06:10:00+00:00,0.0,18.240036925388996
acad-505ef36a81fc4b7f,productcatalogservice,latency,candidate_for_stakeholder_review,7544.925962,B,B,fitted,1347,927,420,7117.720903633556,427.20505836644406,True,False,"M1,M2,M4",False,2025-06-07T09:57:00+00:00,2025-06-07T17:09:00+00:00,2025-06-07T17:10:00+00:00,0.0,99.15895375819191
acad-92c8a230852663f0,adservice,latency,candidate_for_stakeholder_review,5572.422,B,B,fitted,1345,941,404,4829.053104921675,743.3688950783244,True,False,"M1,M2,M4",False,2025-06-07T13:57:00+00:00,2025-06-07T21:09:00+00:00,2025-06-07T21:10:00+00:00,0.0,4546.191791519389
acad-4d06867f000d3cbd,currencyservice,latency,candidate_for_stakeholder_review,1237.9821020000006,B,B,fitted,1425,993,432,1148.897850306404,89.08425169359657,True,False,"M1,M2,M4",False,2025-06-10T05:57:00+00:00,2025-06-10T13:09:00+00:00,2025-06-10T13:10:00+00:00,0.0,11.132511033696234
acad-a33eedcab9479ba0,shippingservice,latency,candidate_for_stakeholder_review,1299.570143,B,B,fitted,1374,942,432,1234.8184492615278,64.75169373847211,True,False,"M1,M2,M4",False,2025-06-14T04:57:00+00:00,2025-06-14T12:09:00+00:00,2025-06-14T12:10:00+00:00,0.0,14.094353552239943
acad-b9c8515567ab705c,checkoutservice,latency,candidate_for_stakeholder_review,10179.996372,B,B,fitted,1329,913,416,8526.930555380286,1653.0658166197136,True,False,"M1,M2,M4",False,2025-06-14T07:57:00+00:00,2025-06-14T15:09:00+00:00,2025-06-14T15:10:00+00:00,0.0,172.18838943527467
acad-9b7cb251fa49b528,productcatalogservice,latency,candidate_for_stakeholder_review,7231.581845999999,B,B,fitted,1386,967,419,7089.230336224188,142.35150977581088,True,False,"M1,M2,M4",False,2025-06-13T08:57:00+00:00,2025-06-13T16:09:00+00:00,2025-06-13T16:10:00+00:00,0.0,38.99051854391818
acad-5884c14d4740de1f,emailservice,latency,candidate_for_stakeholder_review,2316.122,B,B,fitted,773,418,355,2505.6,189.47800000000007,True,False,"M1,M2,M4",False,2025-06-16T22:57:00+00:00,2025-06-17T06:09:00+00:00,2025-06-17T06:10:00+00:00,0.0,44.272460563380314
acad-6607e535b5db6c26,frontend,error_ratio,insufficient_evidence,0.0656934306569343,A,A,fitted,670,238,432,0.0,0.0656934306569343,True,False,"M1,M2,M4",False,2025-06-16T19:57:00+00:00,2025-06-17T03:09:00+00:00,2025-06-17T03:10:00+00:00,432.0,0.007809517231537618
acad-b32de217f46c9fad,emailservice,error_ratio,insufficient_evidence,0.0,A,A,fitted,612,238,374,0.0,0.0,False,False,"M1,M2,M4",False,2025-06-16T19:57:00+00:00,2025-06-17T03:09:00+00:00,2025-06-17T03:10:00+00:00,0.0,0.0
acad-717cb38be866b8f3,frontend,error_ratio,insufficient_evidence,0.06368240726947715,A,,insufficient_training_or_holdout,310,0,310,,,,,,,,,,,
acad-2cca4255661be2f1,redis-cart,error_ratio,insufficient_evidence,0.003998374191080335,A,,insufficient_training_or_holdout,130,0,130,,,,,,,,,,,
acad-32ffe69d0f44c771,emailservice,error_ratio,insufficient_evidence,0.0,A,,insufficient_training_or_holdout,130,0,130,,,,,,,,,,,
acad-b6cd3c0248942bb9,emailservice,error_ratio,insufficient_evidence,0.0,A,,insufficient_training_or_holdout,10,0,10,,,,,,,,,,,
acad-0cd19d02c279d151,productcatalogservice,error_ratio,insufficient_evidence,3e-06,A,,insufficient_training_or_holdout,190,0,190,,,,,,,,,,,
acad-478735e710f2b531,currencyservice,error_ratio,insufficient_evidence,0.0,A,,insufficient_training_or_holdout,429,0,429,,,,,,,,,,,
acad-6b337ccb49fbba11,checkoutservice,error_ratio,insufficient_evidence,0.0,A,,insufficient_training_or_holdout,70,0,70,,,,,,,,,,,
acad-749f232d64db6968,recommendationservice,error_ratio,insufficient_evidence,0.0,A,,insufficient_training_or_holdout,457,58,399,,,,,,,,,,,
acad-0d1a0cb05fef7ab6,productcatalogservice,error_ratio,insufficient_evidence,3e-06,A,,insufficient_training_or_holdout,355,0,355,,,,,,,,,,,
acad-4efe6c1d233e0a06,checkoutservice,error_ratio,insufficient_evidence,3e-06,A,A,fitted,712,357,355,0.0,3e-06,True,False,"M1,M2,M4",False,2025-06-23T21:57:00+00:00,2025-06-24T05:09:00+00:00,2025-06-24T05:10:00+00:00,0.0,0.0008727722291346112
acad-87eb12374c2fbf49,productcatalogservice,latency,insufficient_evidence,7356.1781280000005,A,,insufficient_training_or_holdout,235,0,235,,,,,,,,,,,
acad-1b7c6d9dcf21e728,adservice,latency,insufficient_evidence,5951.801,A,,insufficient_training_or_holdout,310,0,310,,,,,,,,,,,
acad-de7e3708ace41b93,recommendationservice,latency,insufficient_evidence,4328.304852000001,A,,insufficient_training_or_holdout,292,0,292,,,,,,,,,,,
acad-471cb78e9ecddc6f,shippingservice,latency,insufficient_evidence,1354.7249570000004,A,,insufficient_training_or_holdout,428,0,428,,,,,,,,,,,
acad-c5d023b2f1a63f80,recommendationservice,latency,insufficient_evidence,4393.062360000001,A,,insufficient_training_or_holdout,10,0,10,,,,,,,,,,,
acad-4311dd9471984851,productcatalogservice,latency,insufficient_evidence,7853.095445999998,A,A,fitted,651,238,413,125814674.93717274,125806821.84172674,True,False,"M1,M2,M4",False,2025-06-23T19:57:00+00:00,2025-06-24T03:09:00+00:00,2025-06-24T03:10:00+00:00,0.0,2995444.5118729714
acad-3c6850f5e737e26e,currencyservice,latency,insufficient_evidence,1608.2900000000006,A,A,fitted,629,223,406,1265.9578535379737,342.3321464620269,True,False,"M1,M2,M4",False,2025-06-26T19:57:00+00:00,2025-06-27T03:09:00+00:00,2025-06-27T03:10:00+00:00,0.0,151.4117121169525
acad-92768a25ab8e5cd1,frontend,latency,insufficient_evidence,19227230.006,A,,insufficient_training_or_holdout,70,0,70,,,,,,,,,,,
acad-dfbfbd6da606afbc,cartservice,latency,insufficient_evidence,3680.874999999999,A,,insufficient_training_or_holdout,207,0,207,,,,,,,,,,,
acad-323ffbcbcaae0d22,emailservice,latency,insufficient_evidence,2367.9885000000004,A,A,fitted,604,177,427,3197.9674648185864,829.9789648185861,True,False,"M1,M2,M4",False,2025-06-23T18:57:00+00:00,2025-06-24T02:09:00+00:00,2025-06-24T02:10:00+00:00,0.0,71.4201664064001
acad-0769256f8dc797ef,paymentservice,latency,insufficient_evidence,2313.488,A,,insufficient_training_or_holdout,130,0,130,,,,,,,,,,,
acad-dea99c4b420745e6,cartservice,latency,insufficient_evidence,4228.899999999999,A,A,fitted,633,217,416,4247.32,18.420000000000982,True,False,"M1,M2,M4",True,2025-06-26T19:57:00+00:00,2025-06-27T03:09:00+00:00,2025-06-27T03:10:00+00:00,0.0,143.52088701923088
acad-e62974562d5c491b,frontend,latency,needs_context_review,147266.88249999986,B,B,fitted,1324,952,372,146466.92825225496,799.9542477448995,True,False,"M1,M2,M4",True,2025-06-07T01:57:00+00:00,2025-06-07T09:09:00+00:00,2025-06-07T09:10:00+00:00,0.0,50455.22704067225
acad-9e7ccfeb553a97f1,cartservice,latency,needs_context_review,3707.465,B,B,fitted,1332,941,391,3750.64,43.17499999999973,True,False,"M1,M2,M4",True,2025-06-20T22:57:00+00:00,2025-06-21T06:09:00+00:00,2025-06-21T06:10:00+00:00,0.0,128.87475063938626
acad-f945ab711159ae41,redis-cart,latency,needs_context_review,1423.1709999999998,B,B,fitted,1439,1007,432,1392.44,30.730999999999767,True,False,"M1,M2,M4",True,2025-06-17T19:57:00+00:00,2025-06-18T03:09:00+00:00,2025-06-18T03:10:00+00:00,0.0,11478.60322222222
acad-ce7ad687b1677f76,cartservice,latency,needs_context_review,3736.4759999999983,B,B,fitted,1369,993,376,3785.9299999999994,49.45400000000109,True,False,"M1,M2,M4",True,2025-06-17T20:57:00+00:00,2025-06-18T04:09:00+00:00,2025-06-18T04:10:00+00:00,0.0,115.33041755319155
acad-226c7aa90f788313,redis-cart,latency,needs_context_review,1393.442999999999,B,B,fitted,1439,1008,431,1518.6199999999997,125.17700000000059,True,False,"M1,M2,M4",True,2025-06-18T05:57:00+00:00,2025-06-18T13:09:00+00:00,2025-06-18T13:10:00+00:00,0.0,60.766752900232056
acad-4271bc49fde4b03e,cartservice,latency,needs_context_review,3227.0419999999995,B,B,fitted,1369,973,396,3186.7699999999995,40.271999999999935,True,False,"M1,M2,M4",True,2025-06-10T19:57:00+00:00,2025-06-11T03:09:00+00:00,2025-06-11T03:10:00+00:00,0.0,107.60868055555564
acad-e928fdf8f8c1455a,frontend,latency,needs_context_review,37943.97,B,B,fitted,1341,934,407,29660.06604120967,8283.903958790332,True,False,"M1,M2,M4",True,2025-06-10T19:57:00+00:00,2025-06-11T03:09:00+00:00,2025-06-11T03:10:00+00:00,0.0,7268.5016113433185
acad-591a7bcea199c34e,redis-cart,latency,needs_context_review,1047.984,B,B,fitted,825,393,432,1027.1820789664923,20.801921033507597,True,False,"M1,M2,M4",True,2025-06-05T22:50:00+00:00,2025-06-06T06:02:00+00:00,2025-06-06T06:03:00+00:00,0.0,55.759080441391674
acad-78cc8a2fc9cb2c28,frontend,latency,needs_context_review,2251592.8630000004,B,B,fitted,1342,967,375,4260076.4553647125,2008483.5923647122,True,False,"M1,M2,M4",True,2025-06-20T06:57:00+00:00,2025-06-20T14:09:00+00:00,2025-06-20T14:10:00+00:00,0.0,633418.7022076651
acad-2261d5f767dc60a1,redis-cart,latency,needs_context_review,1047.3269999999993,B,B,fitted,1439,1007,432,1032.75,14.576999999999316,True,False,"M1,M2,M4",True,2025-06-06T17:57:00+00:00,2025-06-07T01:09:00+00:00,2025-06-07T01:10:00+00:00,0.0,63.82137847222226
acad-8ec61b43a0885a64,redis-cart,latency,needs_context_review,1000.5374999999999,B,B,fitted,1436,1008,428,1062.48,61.94250000000011,True,False,"M1,M2,M4",True,2025-06-09T09:57:00+00:00,2025-06-09T17:09:00+00:00,2025-06-09T17:10:00+00:00,0.0,43.814783878504706
acad-9f1cf7282cf3aa00,redis-cart,latency,needs_context_review,1405.6800000000003,B,B,fitted,1437,1006,431,1451.58,45.899999999999636,True,False,"M1,M2,M4",True,2025-06-19T12:57:00+00:00,2025-06-19T20:09:00+00:00,2025-06-19T20:10:00+00:00,0.0,70.50696983758706
acad-98a98d3024f37c2a,shippingservice,error_ratio,threshold_unresolved,3e-06,B,B,fitted,1416,996,420,0.0,3e-06,True,False,"M1,M2,M4",False,2025-06-11T09:57:00+00:00,2025-06-11T17:09:00+00:00,2025-06-11T17:10:00+00:00,0.0,0.01688795779505832
acad-3ea90e5e762bd9f1,paymentservice,error_ratio,threshold_unresolved,0.0,B,B,fitted,1263,894,369,0.0,0.0,False,False,"M1,M2,M4",False,2025-06-21T07:57:00+00:00,2025-06-21T15:09:00+00:00,2025-06-21T15:10:00+00:00,0.0,0.0
acad-7c2d630eff1c8f33,shippingservice,error_ratio,threshold_unresolved,3e-06,B,B,fitted,1402,1006,396,0.0,3e-06,True,False,"M1,M2,M4",False,2025-06-19T02:57:00+00:00,2025-06-19T10:09:00+00:00,2025-06-19T10:10:00+00:00,0.0,0.0008890666499362151
acad-9232faf9a9c2e423,paymentservice,error_ratio,threshold_unresolved,0.0,B,B,fitted,1109,712,397,0.0,0.0,False,False,"M1,M2,M4",False,2025-06-24T04:57:00+00:00,2025-06-24T12:09:00+00:00,2025-06-24T12:10:00+00:00,0.0,0.0
acad-db15433db630e177,paymentservice,error_ratio,threshold_unresolved,0.0,B,B,fitted,1307,923,384,0.0,0.0,False,False,"M1,M2,M4",False,2025-06-20T16:57:00+00:00,2025-06-21T00:09:00+00:00,2025-06-21T00:10:00+00:00,0.0,0.0
acad-81180a0c5876d7b2,paymentservice,error_ratio,threshold_unresolved,0.0,B,B,fitted,1372,976,396,0.0,0.0,False,False,"M1,M2,M4",False,2025-06-10T21:57:00+00:00,2025-06-11T05:09:00+00:00,2025-06-11T05:10:00+00:00,0.0,0.0
acad-134a48a4dc15cee0,recommendationservice,error_ratio,threshold_unresolved,0.0,B,B,fitted,1346,926,420,0.0,0.0,False,False,"M1,M2,M4",False,2025-06-13T11:52:00+00:00,2025-06-13T19:09:00+00:00,2025-06-13T19:10:00+00:00,0.0,0.0
acad-df67281acef3a3ab,emailservice,error_ratio,threshold_unresolved,0.0,B,B,fitted,1305,916,389,0.0,0.0,False,False,"M1,M2,M4",False,2025-06-07T15:57:00+00:00,2025-06-07T23:09:00+00:00,2025-06-07T23:10:00+00:00,0.0,0.0
acad-8bfd8bc279f1794f,checkoutservice,error_ratio,threshold_unresolved,3e-06,B,B,fitted,1358,973,385,0.0,3e-06,True,False,"M1,M2,M4",False,2025-06-10T09:57:00+00:00,2025-06-10T17:09:00+00:00,2025-06-10T17:10:00+00:00,0.0,0.0015459337245605081
acad-b91296f978969cdb,recommendationservice,error_ratio,threshold_unresolved,0.0,B,B,fitted,1361,976,385,0.0,0.0,False,False,"M1,M2,M4",False,2025-06-20T13:57:00+00:00,2025-06-20T21:09:00+00:00,2025-06-20T21:10:00+00:00,0.0,0.0
acad-f6658b1a97650ae9,recommendationservice,error_ratio,threshold_unresolved,0.0,B,B,fitted,1387,976,411,0.0,0.0,False,False,"M1,M2,M4",False,2025-06-28T01:57:00+00:00,2025-06-28T09:09:00+00:00,2025-06-28T09:10:00+00:00,0.0,0.0
acad-25bf8feb4bfff5f6,checkoutservice,error_ratio,threshold_unresolved,3e-06,B,B,fitted,1354,984,370,0.0,3e-06,True,False,"M1,M2,M4",False,2025-06-13T21:57:00+00:00,2025-06-14T05:09:00+00:00,2025-06-14T05:10:00+00:00,370.0,0.0022095251707760586
