config_id,valid_samples_min_old,valid_samples_min_new
W12_C0.4_Rt8_q0.9_k2.5,289,288
W12_C0.4_Rt8_q0.9_k3,289,288
W12_C0.4_Rt8_q0.9_k3.5,289,288
W12_C0.4_Rt8_q0.95_k2.5,289,288
W12_C0.4_Rt8_q0.95_k3,289,288
W12_C0.4_Rt8_q0.95_k3.5,289,288
W12_C0.4_Rt8_q0.99_k2.5,289,288
W12_C0.4_Rt8_q0.99_k3,289,288
W12_C0.4_Rt8_q0.99_k3.5,289,288
W12_C0.4_Rt9.5_q0.9_k2.5,289,288
W12_C0.4_Rt9.5_q0.9_k3,289,288
W12_C0.4_Rt9.5_q0.9_k3.5,289,288
W12_C0.4_Rt9.5_q0.95_k2.5,289,288
W12_C0.4_Rt9.5_q0.95_k3,289,288
W12_C0.4_Rt9.5_q0.95_k3.5,289,288
W12_C0.4_Rt9.5_q0.99_k2.5,289,288
W12_C0.4_Rt9.5_q0.99_k3,289,288
W12_C0.4_Rt9.5_q0.99_k3.5,289,288
W12_C0.4_Rt10_q0.9_k2.5,289,288
W12_C0.4_Rt10_q0.9_k3,289,288
W12_C0.4_Rt10_q0.9_k3.5,289,288
W12_C0.4_Rt10_q0.95_k2.5,289,288
W12_C0.4_Rt10_q0.95_k3,289,288
W12_C0.4_Rt10_q0.95_k3.5,289,288
W12_C0.4_Rt10_q0.99_k2.5,289,288
W12_C0.4_Rt10_q0.99_k3,289,288
W12_C0.4_Rt10_q0.99_k3.5,289,288
W12_C0.4_Rt10.5_q0.9_k2.5,289,288
W12_C0.4_Rt10.5_q0.9_k3,289,288
W12_C0.4_Rt10.5_q0.9_k3.5,289,288
W12_C0.4_Rt10.5_q0.95_k2.5,289,288
W12_C0.4_Rt10.5_q0.95_k3,289,288
W12_C0.4_Rt10.5_q0.95_k3.5,289,288
W12_C0.4_Rt10.5_q0.99_k2.5,289,288
W12_C0.4_Rt10.5_q0.99_k3,289,288
W12_C0.4_Rt10.5_q0.99_k3.5,289,288
W12_C0.4_Rt12_q0.9_k2.5,289,288
W12_C0.4_Rt12_q0.9_k3,289,288
W12_C0.4_Rt12_q0.9_k3.5,289,288
W12_C0.4_Rt12_q0.95_k2.5,289,288
W12_C0.4_Rt12_q0.95_k3,289,288
W12_C0.4_Rt12_q0.95_k3.5,289,288
W12_C0.4_Rt12_q0.99_k2.5,289,288
W12_C0.4_Rt12_q0.99_k3,289,288
W12_C0.4_Rt12_q0.99_k3.5,289,288
W24_C0.4_Rt8_q0.9_k2.5,577,576
W24_C0.4_Rt8_q0.9_k3,577,576
W24_C0.4_Rt8_q0.9_k3.5,577,576
W24_C0.4_Rt8_q0.95_k2.5,577,576
W24_C0.4_Rt8_q0.95_k3,577,576
W24_C0.4_Rt8_q0.95_k3.5,577,576
W24_C0.4_Rt8_q0.99_k2.5,577,576
W24_C0.4_Rt8_q0.99_k3,577,576
W24_C0.4_Rt8_q0.99_k3.5,577,576
W24_C0.4_Rt9.5_q0.9_k2.5,577,576
W24_C0.4_Rt9.5_q0.9_k3,577,576
W24_C0.4_Rt9.5_q0.9_k3.5,577,576
W24_C0.4_Rt9.5_q0.95_k2.5,577,576
W24_C0.4_Rt9.5_q0.95_k3,577,576
W24_C0.4_Rt9.5_q0.95_k3.5,577,576
W24_C0.4_Rt9.5_q0.99_k2.5,577,576
W24_C0.4_Rt9.5_q0.99_k3,577,576
W24_C0.4_Rt9.5_q0.99_k3.5,577,576
W24_C0.4_Rt10_q0.9_k2.5,577,576
W24_C0.4_Rt10_q0.9_k3,577,576
W24_C0.4_Rt10_q0.9_k3.5,577,576
W24_C0.4_Rt10_q0.95_k2.5,577,576
W24_C0.4_Rt10_q0.95_k3,577,576
W24_C0.4_Rt10_q0.95_k3.5,577,576
W24_C0.4_Rt10_q0.99_k2.5,577,576
W24_C0.4_Rt10_q0.99_k3,577,576
W24_C0.4_Rt10_q0.99_k3.5,577,576
W24_C0.4_Rt10.5_q0.9_k2.5,577,576
W24_C0.4_Rt10.5_q0.9_k3,577,576
W24_C0.4_Rt10.5_q0.9_k3.5,577,576
W24_C0.4_Rt10.5_q0.95_k2.5,577,576
W24_C0.4_Rt10.5_q0.95_k3,577,576
W24_C0.4_Rt10.5_q0.95_k3.5,577,576
W24_C0.4_Rt10.5_q0.99_k2.5,577,576
W24_C0.4_Rt10.5_q0.99_k3,577,576
W24_C0.4_Rt10.5_q0.99_k3.5,577,576
W24_C0.4_Rt12_q0.9_k2.5,577,576
W24_C0.4_Rt12_q0.9_k3,577,576
W24_C0.4_Rt12_q0.9_k3.5,577,576
W24_C0.4_Rt12_q0.95_k2.5,577,576
W24_C0.4_Rt12_q0.95_k3,577,576
W24_C0.4_Rt12_q0.95_k3.5,577,576
W24_C0.4_Rt12_q0.99_k2.5,577,576
W24_C0.4_Rt12_q0.99_k3,577,576
W24_C0.4_Rt12_q0.99_k3.5,577,576
