evaluator_id,presented_order,card_id,choice,confidence,reason
V11-E01,1,bdv-3e603179629a,A,4,withheld_in_public_snapshot
V11-E01,2,bdv-0c66d492d440,D,4,withheld_in_public_snapshot
V11-E01,3,bdv-2136ee9cd96f,D,5,withheld_in_public_snapshot
V11-E01,4,bdv-d861e5823adb,D,4,withheld_in_public_snapshot
V11-E01,5,bdv-d5feca2d26a3,A,5,withheld_in_public_snapshot
V11-E01,6,bdv-d276abdefc96,B,5,withheld_in_public_snapshot
V11-E01,7,bdv-74c1c24eadda,A,5,withheld_in_public_snapshot
V11-E01,8,bdv-b8aa03d18fa0,B,5,withheld_in_public_snapshot
V11-E01,9,bdv-355353fcf8e7,B,5,withheld_in_public_snapshot
V11-E01,10,bdv-1123111f0da3,B,5,withheld_in_public_snapshot
V11-E01,11,bdv-7112b65a6fb2,B,5,withheld_in_public_snapshot
V11-E01,12,bdv-cba4749f5ad3,A,5,withheld_in_public_snapshot
V11-E01,13,bdv-3362fc3307c0,C,5,withheld_in_public_snapshot
V11-E01,14,bdv-7268af51559f,D,5,withheld_in_public_snapshot
V11-E01,15,bdv-32d4ba38217c,C,5,withheld_in_public_snapshot
V11-E01,16,bdv-44e8c2322f9c,A,5,withheld_in_public_snapshot
V11-E01,17,bdv-2fa3a1954dc3,D,5,withheld_in_public_snapshot
V11-E01,18,bdv-4a743261db15,D,5,withheld_in_public_snapshot
V11-E01,19,bdv-89fa16c8eb3a,A,5,withheld_in_public_snapshot
V11-E01,20,bdv-9eb1e5488722,B,5,withheld_in_public_snapshot
V11-E01,21,bdv-483ec6b2552b,C,5,withheld_in_public_snapshot
V11-E01,22,bdv-c64fec53a048,C,5,withheld_in_public_snapshot
V11-E01,23,bdv-e072fbe272a0,D,5,withheld_in_public_snapshot
V11-E01,24,bdv-7903a0e18d8a,D,4,withheld_in_public_snapshot
V11-E02,1,bdv-4a743261db15,D,5,withheld_in_public_snapshot
V11-E02,2,bdv-b8aa03d18fa0,B,5,withheld_in_public_snapshot
V11-E02,3,bdv-d276abdefc96,B,5,withheld_in_public_snapshot
V11-E02,4,bdv-3e603179629a,D,5,withheld_in_public_snapshot
V11-E02,5,bdv-1123111f0da3,B,5,withheld_in_public_snapshot
V11-E02,6,bdv-32d4ba38217c,C,5,withheld_in_public_snapshot
V11-E02,7,bdv-cba4749f5ad3,A,5,withheld_in_public_snapshot
V11-E02,8,bdv-d861e5823adb,D,5,withheld_in_public_snapshot
V11-E02,9,bdv-9eb1e5488722,B,5,withheld_in_public_snapshot
V11-E02,10,bdv-c64fec53a048,C,5,withheld_in_public_snapshot
V11-E02,11,bdv-44e8c2322f9c,A,5,withheld_in_public_snapshot
V11-E02,12,bdv-89fa16c8eb3a,D,5,withheld_in_public_snapshot
V11-E02,13,bdv-0c66d492d440,D,5,withheld_in_public_snapshot
V11-E02,14,bdv-e072fbe272a0,D,5,withheld_in_public_snapshot
V11-E02,15,bdv-2fa3a1954dc3,D,5,withheld_in_public_snapshot
V11-E02,16,bdv-7268af51559f,D,5,withheld_in_public_snapshot
V11-E02,17,bdv-d5feca2d26a3,A,5,withheld_in_public_snapshot
V11-E02,18,bdv-7903a0e18d8a,D,5,withheld_in_public_snapshot
V11-E02,19,bdv-2136ee9cd96f,D,5,withheld_in_public_snapshot
V11-E02,20,bdv-74c1c24eadda,A,5,withheld_in_public_snapshot
V11-E02,21,bdv-3362fc3307c0,C,5,withheld_in_public_snapshot
V11-E02,22,bdv-483ec6b2552b,C,5,withheld_in_public_snapshot
V11-E02,23,bdv-355353fcf8e7,B,5,withheld_in_public_snapshot
V11-E02,24,bdv-7112b65a6fb2,B,5,withheld_in_public_snapshot
V11-E03,1,bdv-7112b65a6fb2,B,4,withheld_in_public_snapshot
V11-E03,2,bdv-0c66d492d440,D,4,withheld_in_public_snapshot
V11-E03,3,bdv-7268af51559f,D,4,withheld_in_public_snapshot
V11-E03,4,bdv-c64fec53a048,C,5,withheld_in_public_snapshot
V11-E03,5,bdv-4a743261db15,D,4,withheld_in_public_snapshot
V11-E03,6,bdv-9eb1e5488722,B,4,withheld_in_public_snapshot
V11-E03,7,bdv-7903a0e18d8a,D,4,withheld_in_public_snapshot
V11-E03,8,bdv-b8aa03d18fa0,A,4,withheld_in_public_snapshot
V11-E03,9,bdv-d861e5823adb,D,4,withheld_in_public_snapshot
V11-E03,10,bdv-3362fc3307c0,C,5,withheld_in_public_snapshot
V11-E03,11,bdv-483ec6b2552b,C,5,withheld_in_public_snapshot
V11-E03,12,bdv-3e603179629a,D,4,withheld_in_public_snapshot
V11-E03,13,bdv-d276abdefc96,A,5,withheld_in_public_snapshot
V11-E03,14,bdv-44e8c2322f9c,A,5,withheld_in_public_snapshot
V11-E03,15,bdv-e072fbe272a0,D,4,withheld_in_public_snapshot
V11-E03,16,bdv-1123111f0da3,B,4,withheld_in_public_snapshot
V11-E03,17,bdv-cba4749f5ad3,A,5,withheld_in_public_snapshot
V11-E03,18,bdv-2fa3a1954dc3,D,5,withheld_in_public_snapshot
V11-E03,19,bdv-355353fcf8e7,B,4,withheld_in_public_snapshot
V11-E03,20,bdv-2136ee9cd96f,D,4,withheld_in_public_snapshot
V11-E03,21,bdv-74c1c24eadda,A,5,withheld_in_public_snapshot
V11-E03,22,bdv-89fa16c8eb3a,D,4,withheld_in_public_snapshot
V11-E03,23,bdv-d5feca2d26a3,A,5,withheld_in_public_snapshot
V11-E03,24,bdv-32d4ba38217c,C,5,withheld_in_public_snapshot
