card_id,stratum,M1,M2,M3,M4,measurement_explainable,v1_route,v1_1_route,sampling_seed
bdv-355353fcf8e7,B_stable,1,1,0,0,0,B,B,20260813
bdv-9eb1e5488722,B_stable,1,1,0,0,0,B,B,20260813
bdv-7112b65a6fb2,B_stable,1,1,0,0,0,B,B,20260813
bdv-b8aa03d18fa0,B_stable,1,1,0,0,0,B,B,20260813
bdv-1123111f0da3,B_stable,1,1,0,0,0,B,B,20260813
bdv-d276abdefc96,B_stable,1,1,0,0,0,B,B,20260813
bdv-d861e5823adb,B_to_D,1,1,1,1,1,B,D,20260813
bdv-3e603179629a,B_to_D,1,1,1,1,1,B,D,20260813
bdv-7268af51559f,B_to_D,1,1,1,1,1,B,D,20260813
bdv-2136ee9cd96f,B_to_D,1,1,1,1,1,B,D,20260813
bdv-e072fbe272a0,B_to_D,1,1,1,1,1,B,D,20260813
bdv-89fa16c8eb3a,B_to_D,1,1,1,1,1,B,D,20260813
bdv-cba4749f5ad3,A_stable,1,1,1,1,1,A,A,20260813
bdv-44e8c2322f9c,A_stable,1,1,1,1,1,A,A,20260813
bdv-74c1c24eadda,A_stable,1,1,1,1,1,A,A,20260813
bdv-d5feca2d26a3,A_stable,1,1,1,1,1,A,A,20260813
bdv-483ec6b2552b,C_stable,1,1,1,1,1,C,C,20260813
bdv-3362fc3307c0,C_stable,1,1,1,1,1,C,C,20260813
bdv-32d4ba38217c,C_stable,1,1,1,1,1,C,C,20260813
bdv-c64fec53a048,C_stable,1,1,1,1,1,C,C,20260813
bdv-4a743261db15,D_stable,1,1,1,1,1,D,D,20260813
bdv-2fa3a1954dc3,D_stable,1,1,1,1,1,D,D,20260813
bdv-0c66d492d440,D_stable,1,1,1,1,1,D,D,20260813
bdv-7903a0e18d8a,D_stable,1,1,1,1,1,D,D,20260813
