card_id,parent_card_id,cohort,governance_status,threshold_plausibility_median,governance_appropriateness_median,governance_minus_threshold_median
expert-card-001,parent-aab02e1e1f8b,remediation,threshold_unresolved,2.0,5.0,3.0
expert-card-002,parent-3d3112802d2d,remediation,threshold_unresolved,2.0,5.0,3.0
expert-card-003,parent-32b9349fd65a,generalization,insufficient_evidence,2.0,5.0,3.0
expert-card-004,parent-eee81e15bafc,remediation,insufficient_evidence,2.0,5.0,3.0
expert-card-005,parent-7cd82420236d,generalization,threshold_unresolved,1.0,5.0,4.0
expert-card-006,parent-359779e57a18,remediation,insufficient_evidence,2.0,5.0,3.0
expert-card-007,parent-463cb9747634,remediation,insufficient_evidence,2.0,5.0,3.0
expert-card-008,parent-d8926ea7c85b,remediation,insufficient_evidence,1.0,5.0,4.0
expert-card-009,parent-a8c04fbc2392,remediation,threshold_unresolved,2.0,5.0,3.0
expert-card-010,parent-ebfb60a94b5f,remediation,threshold_unresolved,2.0,5.0,3.0
expert-card-011,parent-51462f2cb591,generalization,candidate_for_stakeholder_review,4.0,5.0,1.0
expert-card-012,parent-379778b7676b,remediation,insufficient_evidence,2.0,5.0,3.0
expert-card-013,parent-5dd4db61b414,remediation,threshold_unresolved,1.0,5.0,4.0
expert-card-014,parent-6d249eb6a839,remediation,threshold_unresolved,1.0,5.0,4.0
expert-card-015,parent-5c0700d835c2,remediation,threshold_unresolved,1.0,5.0,4.0
expert-card-016,parent-1f528ca9b224,generalization,needs_context_review,1.0,5.0,4.0
expert-card-017,parent-4a0e40ce03b3,remediation,threshold_unresolved,2.0,5.0,3.0
expert-card-018,parent-4aad7451d202,generalization,insufficient_evidence,2.0,5.0,3.0
expert-card-019,parent-37e9569c5d93,generalization,needs_context_review,2.0,5.0,3.0
expert-card-020,parent-8ee9c091510c,generalization,needs_context_review,1.0,5.0,4.0
expert-card-021,parent-cca1b9ec68ae,generalization,insufficient_evidence,2.0,5.0,3.0
expert-card-022,parent-6a88b2b4d3f4,remediation,threshold_unresolved,1.0,5.0,4.0
expert-card-023,parent-69050ef020da,remediation,threshold_unresolved,2.0,5.0,3.0
expert-card-024,parent-b8085ce39d46,generalization,needs_context_review,3.0,5.0,2.0
expert-card-025,parent-013827a48652,generalization,threshold_unresolved,2.0,5.0,3.0
expert-card-026,parent-0da563b0af1a,generalization,insufficient_evidence,2.0,5.0,3.0
expert-card-027,parent-995516c48b90,generalization,needs_context_review,2.0,5.0,3.0
expert-card-028,parent-9453a470611c,generalization,candidate_for_stakeholder_review,4.0,5.0,1.0
expert-card-029,parent-9652dfb0d477,remediation,threshold_unresolved,2.0,5.0,3.0
expert-card-030,parent-6cb2bf3e0c72,generalization,needs_context_review,3.0,5.0,2.0
expert-card-031,parent-5767e628d629,remediation,threshold_unresolved,1.0,5.0,4.0
expert-card-032,parent-743ebf07e77e,generalization,insufficient_evidence,2.0,5.0,3.0
expert-card-033,parent-ec893a1d9d03,generalization,candidate_for_stakeholder_review,4.0,5.0,1.0
expert-card-034,parent-aceffd1ddee3,remediation,candidate_for_stakeholder_review,4.0,5.0,1.0
expert-card-035,parent-afc3684fe4a2,remediation,threshold_unresolved,2.0,5.0,3.0
expert-card-036,parent-686324c46234,remediation,threshold_unresolved,2.0,5.0,3.0
expert-card-037,parent-b8e9cce75811,generalization,candidate_for_stakeholder_review,4.0,5.0,1.0
expert-card-038,parent-81f05ed1c71a,generalization,threshold_unresolved,1.0,5.0,4.0
expert-card-039,parent-17bc758b92a8,generalization,threshold_unresolved,1.0,5.0,4.0
expert-card-040,parent-e7a2336725f8,remediation,insufficient_evidence,2.0,5.0,3.0
expert-card-041,parent-10386a84baff,generalization,threshold_unresolved,2.0,5.0,3.0
expert-card-042,parent-2290324928f4,generalization,threshold_unresolved,1.0,5.0,4.0
expert-card-043,parent-10e9774fcc22,remediation,insufficient_evidence,2.0,5.0,3.0
expert-card-044,parent-3577b0b5d55a,generalization,candidate_for_stakeholder_review,4.0,5.0,1.0
expert-card-045,parent-5ef93678fc99,remediation,threshold_unresolved,1.0,5.0,4.0
expert-card-046,parent-8b50a7bc0c41,generalization,candidate_for_stakeholder_review,4.0,5.0,1.0
expert-card-047,parent-a466036f9a3d,generalization,insufficient_evidence,3.0,5.0,2.0
expert-card-048,parent-a069b4ff2042,remediation,threshold_unresolved,2.0,5.0,3.0
