expert_id,card_id,threshold_plausibility,runtime_actionability,evidence_flag_correctness,governance_appropriateness,overall_revision_value
expert-01,expert-card-001,2,4,5,5,5
expert-01,expert-card-002,2,4,5,5,5
expert-01,expert-card-003,2,4,5,5,5
expert-01,expert-card-004,2,4,5,5,5
expert-01,expert-card-005,2,4,5,5,5
expert-01,expert-card-006,2,4,5,5,5
expert-01,expert-card-007,2,4,5,5,5
expert-01,expert-card-008,2,4,5,5,5
expert-01,expert-card-009,2,4,5,5,5
expert-01,expert-card-010,2,4,5,5,5
expert-01,expert-card-011,4,5,5,5,4
expert-01,expert-card-012,2,4,5,5,5
expert-01,expert-card-013,2,4,5,5,5
expert-01,expert-card-014,2,4,5,5,5
expert-01,expert-card-015,2,4,5,5,5
expert-01,expert-card-016,1,5,5,5,5
expert-01,expert-card-017,2,4,5,5,5
expert-01,expert-card-018,2,4,5,5,5
expert-01,expert-card-019,2,4,5,5,5
expert-01,expert-card-020,1,5,5,5,5
expert-01,expert-card-021,2,4,5,5,5
expert-01,expert-card-022,2,4,5,5,5
expert-01,expert-card-023,2,4,5,5,5
expert-01,expert-card-024,3,5,5,5,5
expert-01,expert-card-025,2,4,5,5,5
expert-01,expert-card-026,2,4,5,5,5
expert-01,expert-card-027,2,4,5,5,5
expert-01,expert-card-028,4,5,5,5,4
expert-01,expert-card-029,2,4,5,5,5
expert-01,expert-card-030,3,4,5,5,4
expert-01,expert-card-031,2,4,5,5,5
expert-01,expert-card-032,2,4,5,5,5
expert-01,expert-card-033,4,5,5,5,4
expert-01,expert-card-034,4,5,5,5,4
expert-01,expert-card-035,2,4,5,5,5
expert-01,expert-card-036,2,4,5,5,5
expert-01,expert-card-037,4,5,5,5,4
expert-01,expert-card-038,2,4,5,5,5
expert-01,expert-card-039,2,4,5,5,5
expert-01,expert-card-040,2,4,5,5,5
expert-01,expert-card-041,2,4,5,5,5
expert-01,expert-card-042,2,4,5,5,5
expert-01,expert-card-043,2,4,5,5,5
expert-01,expert-card-044,4,5,5,5,4
expert-01,expert-card-045,2,4,5,5,5
expert-01,expert-card-046,4,5,5,5,4
expert-01,expert-card-047,2,4,5,5,5
expert-01,expert-card-048,2,4,5,5,5
expert-02,expert-card-001,1,4,5,5,5
expert-02,expert-card-002,1,4,5,5,5
expert-02,expert-card-003,1,4,5,5,5
expert-02,expert-card-004,1,4,5,4,5
expert-02,expert-card-005,1,4,5,5,5
expert-02,expert-card-006,2,4,5,5,5
expert-02,expert-card-007,2,4,5,5,5
expert-02,expert-card-008,1,4,5,4,5
expert-02,expert-card-009,1,4,5,5,5
expert-02,expert-card-010,1,4,5,5,5
expert-02,expert-card-011,4,4,5,5,5
expert-02,expert-card-012,2,4,5,5,5
expert-02,expert-card-013,1,4,5,5,5
expert-02,expert-card-014,1,4,5,5,5
expert-02,expert-card-015,1,4,5,5,5
expert-02,expert-card-016,1,4,5,5,5
expert-02,expert-card-017,1,4,5,5,5
expert-02,expert-card-018,2,4,5,5,5
expert-02,expert-card-019,2,4,5,5,5
expert-02,expert-card-020,1,4,5,5,5
expert-02,expert-card-021,2,4,5,5,5
expert-02,expert-card-022,1,4,5,5,5
expert-02,expert-card-023,1,4,5,5,5
expert-02,expert-card-024,2,4,4,4,4
expert-02,expert-card-025,1,4,5,5,5
expert-02,expert-card-026,1,4,5,4,5
expert-02,expert-card-027,2,4,5,5,5
expert-02,expert-card-028,2,2,2,2,3
expert-02,expert-card-029,1,4,5,5,5
expert-02,expert-card-030,2,4,5,5,5
expert-02,expert-card-031,1,4,5,5,5
expert-02,expert-card-032,2,4,5,5,5
expert-02,expert-card-033,3,3,3,4,4
expert-02,expert-card-034,3,3,3,4,4
expert-02,expert-card-035,1,4,5,5,5
expert-02,expert-card-036,1,4,5,5,5
expert-02,expert-card-037,4,4,5,5,5
expert-02,expert-card-038,1,4,5,5,5
expert-02,expert-card-039,1,4,5,5,5
expert-02,expert-card-040,2,4,5,5,5
expert-02,expert-card-041,1,4,5,5,5
expert-02,expert-card-042,1,4,5,5,5
expert-02,expert-card-043,2,4,5,4,5
expert-02,expert-card-044,4,4,5,5,5
expert-02,expert-card-045,1,4,5,5,5
expert-02,expert-card-046,4,4,5,5,5
expert-02,expert-card-047,3,4,5,5,5
expert-02,expert-card-048,1,4,5,5,5
expert-03,expert-card-001,2,2,5,4,4
expert-03,expert-card-002,2,2,5,4,4
expert-03,expert-card-003,3,3,5,5,4
expert-03,expert-card-004,2,2,5,5,4
expert-03,expert-card-005,1,1,5,4,4
expert-03,expert-card-006,3,3,5,5,4
expert-03,expert-card-007,3,3,5,5,4
expert-03,expert-card-008,1,1,5,5,4
expert-03,expert-card-009,2,2,5,4,4
expert-03,expert-card-010,2,2,5,4,4
expert-03,expert-card-011,4,4,5,5,4
expert-03,expert-card-012,3,3,5,5,4
expert-03,expert-card-013,1,1,5,4,4
expert-03,expert-card-014,1,1,5,4,4
expert-03,expert-card-015,1,1,5,4,4
expert-03,expert-card-016,3,3,5,5,5
expert-03,expert-card-017,2,2,5,4,4
expert-03,expert-card-018,3,3,5,5,4
expert-03,expert-card-019,3,3,5,5,5
expert-03,expert-card-020,3,3,5,5,5
expert-03,expert-card-021,3,3,5,5,4
expert-03,expert-card-022,1,1,5,4,4
expert-03,expert-card-023,2,2,5,4,4
expert-03,expert-card-024,3,3,5,5,5
expert-03,expert-card-025,2,2,5,4,4
expert-03,expert-card-026,2,2,5,5,4
expert-03,expert-card-027,3,3,5,5,5
expert-03,expert-card-028,4,4,5,5,4
expert-03,expert-card-029,2,2,5,4,4
expert-03,expert-card-030,3,3,5,5,5
expert-03,expert-card-031,1,1,5,4,4
expert-03,expert-card-032,3,3,5,5,4
expert-03,expert-card-033,4,4,5,5,4
expert-03,expert-card-034,4,4,5,5,4
expert-03,expert-card-035,2,2,5,4,4
expert-03,expert-card-036,2,2,5,4,4
expert-03,expert-card-037,4,4,5,5,4
expert-03,expert-card-038,1,1,5,4,4
expert-03,expert-card-039,1,1,5,4,4
expert-03,expert-card-040,3,3,5,5,4
expert-03,expert-card-041,2,2,5,4,4
expert-03,expert-card-042,1,1,5,4,4
expert-03,expert-card-043,2,2,5,5,5
expert-03,expert-card-044,4,4,5,5,4
expert-03,expert-card-045,1,1,5,4,4
expert-03,expert-card-046,4,4,5,5,4
expert-03,expert-card-047,3,3,5,5,4
expert-03,expert-card-048,2,2,5,4,4
