blind_card_id,protocol_choice,difficulty,agreement_count,agreement_rate,majority_choice,majority_matches_protocol
blind-06d33e02111c,A,boundary,2,0.6666666666666666,A,True
blind-07f14037cc45,D,obvious,3,1.0,D,True
blind-0c65cb4c3be1,C,obvious,3,1.0,C,True
blind-1789dce26fb9,D,obvious,2,0.6666666666666666,D,True
blind-1bc92d7ebca4,C,boundary,2,0.6666666666666666,C,True
blind-28c1ce42b4b1,B,obvious,1,0.3333333333333333,D,False
blind-320a5ec2ab8a,B,obvious,1,0.3333333333333333,D,False
blind-399b8572d21f,A,obvious,3,1.0,A,True
blind-3e8147536a6c,D,boundary,1,0.3333333333333333,D,True
blind-57de088a24f0,C,boundary,2,0.6666666666666666,C,True
blind-6760aa6c75c5,B,obvious,1,0.3333333333333333,D,False
blind-69d3464ee26e,C,obvious,3,1.0,C,True
blind-72b48a29958d,A,obvious,1,0.3333333333333333,C,False
blind-734488fabbc6,B,boundary,1,0.3333333333333333,D,False
blind-780be539dc04,C,obvious,1,0.3333333333333333,D,False
blind-85fb14af6399,D,obvious,3,1.0,D,True
blind-94d35d68e17c,B,boundary,1,0.3333333333333333,D,False
blind-98e45b9919e3,D,obvious,3,1.0,D,True
blind-9ab2fb4b2522,D,boundary,1,0.3333333333333333,D,True
blind-aa7ff0e7a228,C,boundary,1,0.3333333333333333,D,False
blind-b93b03b73e67,D,boundary,1,0.3333333333333333,D,True
blind-bea5220313fc,B,obvious,1,0.3333333333333333,D,False
blind-c11728712162,C,obvious,3,1.0,C,True
blind-c1fbe43d06f2,D,boundary,1,0.3333333333333333,D,True
blind-c70abcac7521,A,obvious,3,1.0,A,True
blind-cb4a7d3c2e04,A,boundary,1,0.3333333333333333,D,False
blind-d0e9e3b8f015,B,boundary,1,0.3333333333333333,D,False
blind-e344c8e383d8,A,boundary,3,1.0,A,True
blind-e40fe6354249,C,boundary,1,0.3333333333333333,D,False
blind-ea21a0d528f9,A,obvious,3,1.0,A,True
blind-f57afb26f36f,B,boundary,1,0.3333333333333333,D,False
blind-fc0ada994239,A,boundary,3,1.0,A,True
