reviewer_id,evidence_item_id,same_app_check,time_window_check,request_volume_check,hour_distance_and_score_check,candidate_rank_check,history_future_samples_check,fault_buffer_check,conclusion,issue_code
manual-reviewer-01,manual-control-001,通过,通过,通过,通过,通过,通过,通过,通过,
manual-reviewer-01,manual-control-002,通过,通过,通过,通过,通过,通过,通过,通过,
manual-reviewer-01,manual-control-003,通过,通过,通过,通过,通过,通过,通过,通过,
manual-reviewer-01,manual-control-004,通过,通过,通过,通过,通过,通过,通过,通过,
manual-reviewer-01,manual-control-005,通过,通过,通过,通过,通过,通过,通过,通过,
manual-reviewer-01,manual-control-006,通过,通过,通过,通过,通过,通过,通过,通过,
manual-reviewer-01,manual-control-007,通过,通过,通过,通过,通过,通过,通过,通过,
manual-reviewer-01,manual-control-008,通过,通过,通过,通过,通过,通过,通过,通过,
manual-reviewer-01,manual-control-009,通过,通过,通过,通过,通过,通过,通过,通过,
manual-reviewer-01,manual-control-010,通过,通过,通过,通过,通过,通过,通过,通过,
manual-reviewer-01,manual-control-011,通过,通过,通过,通过,通过,通过,通过,通过,
manual-reviewer-01,manual-control-012,通过,通过,通过,通过,通过,通过,通过,通过,
manual-reviewer-01,manual-control-013,通过,通过,通过,通过,通过,通过,通过,通过,
manual-reviewer-01,manual-control-014,通过,通过,通过,通过,通过,通过,通过,通过,
manual-reviewer-01,manual-control-015,通过,通过,通过,通过,通过,通过,通过,通过,
manual-reviewer-01,manual-control-016,通过,通过,通过,通过,通过,通过,通过,通过,
manual-reviewer-01,manual-control-017,通过,通过,通过,通过,通过,通过,通过,通过,
manual-reviewer-01,manual-control-018,通过,通过,通过,通过,通过,通过,通过,通过,
manual-reviewer-01,manual-control-019,通过,通过,通过,通过,通过,通过,通过,通过,
manual-reviewer-01,manual-control-020,通过,通过,通过,通过,通过,通过,通过,通过,
manual-reviewer-01,manual-control-021,通过,通过,通过,通过,通过,通过,通过,通过,
manual-reviewer-01,manual-control-022,通过,通过,通过,通过,通过,通过,通过,通过,
manual-reviewer-01,manual-control-023,通过,通过,通过,通过,通过,通过,通过,通过,
manual-reviewer-01,manual-control-024,通过,通过,通过,通过,通过,通过,通过,通过,
manual-reviewer-01,manual-control-025,通过,通过,通过,通过,通过,通过,通过,通过,
manual-reviewer-01,manual-control-026,通过,通过,通过,通过,通过,通过,通过,通过,
manual-reviewer-01,manual-control-027,通过,通过,通过,通过,通过,通过,通过,通过,
manual-reviewer-01,manual-control-028,通过,通过,通过,通过,通过,通过,通过,通过,
manual-reviewer-01,manual-control-029,通过,通过,通过,通过,通过,通过,通过,通过,
manual-reviewer-01,manual-control-030,通过,通过,通过,通过,通过,通过,通过,通过,
manual-reviewer-01,manual-control-031,通过,通过,通过,通过,通过,通过,通过,通过,
manual-reviewer-01,manual-control-032,通过,通过,通过,通过,通过,通过,通过,通过,
manual-reviewer-01,manual-control-033,通过,通过,通过,通过,通过,通过,通过,通过,
manual-reviewer-01,manual-control-034,通过,通过,通过,通过,通过,通过,通过,通过,
manual-reviewer-01,manual-control-035,通过,通过,通过,通过,通过,通过,通过,通过,
manual-reviewer-01,manual-control-036,通过,通过,通过,通过,通过,通过,通过,通过,
manual-reviewer-01,manual-control-037,通过,通过,通过,通过,通过,通过,通过,通过,
manual-reviewer-01,manual-control-038,通过,通过,通过,通过,通过,通过,通过,通过,
manual-reviewer-01,manual-control-039,通过,通过,通过,通过,通过,通过,通过,通过,
manual-reviewer-01,manual-control-040,通过,通过,通过,通过,通过,通过,通过,通过,
manual-reviewer-01,manual-control-041,通过,通过,通过,通过,通过,通过,通过,通过,
manual-reviewer-01,manual-control-042,通过,通过,通过,通过,通过,通过,通过,通过,
manual-reviewer-01,manual-control-043,通过,通过,通过,通过,通过,通过,通过,通过,
manual-reviewer-01,manual-control-044,通过,通过,通过,通过,通过,通过,通过,通过,
manual-reviewer-01,manual-control-045,通过,通过,通过,通过,通过,通过,通过,通过,
manual-reviewer-01,manual-control-046,通过,通过,通过,通过,通过,通过,通过,通过,
manual-reviewer-01,manual-control-047,通过,通过,通过,通过,通过,通过,通过,通过,
manual-reviewer-01,manual-control-048,通过,通过,通过,通过,通过,通过,通过,通过,
manual-reviewer-01,manual-control-049,通过,通过,通过,通过,通过,通过,通过,通过,
manual-reviewer-01,manual-control-050,通过,通过,通过,通过,通过,通过,通过,通过,
manual-reviewer-01,manual-control-051,通过,通过,通过,通过,通过,通过,通过,通过,
manual-reviewer-01,manual-control-052,通过,通过,通过,通过,通过,通过,通过,通过,
manual-reviewer-01,manual-control-053,通过,通过,通过,通过,通过,通过,通过,通过,
manual-reviewer-01,manual-control-054,通过,通过,通过,通过,通过,通过,通过,通过,
manual-reviewer-01,manual-control-055,通过,通过,通过,通过,通过,通过,通过,通过,
manual-reviewer-01,manual-control-056,通过,通过,通过,通过,通过,通过,通过,通过,
manual-reviewer-01,manual-control-057,通过,通过,通过,通过,通过,通过,通过,通过,
manual-reviewer-01,manual-control-058,通过,通过,通过,通过,通过,通过,通过,通过,
manual-reviewer-01,manual-control-059,通过,通过,通过,通过,通过,通过,通过,通过,
manual-reviewer-01,manual-control-060,通过,通过,通过,通过,通过,通过,通过,通过,
manual-reviewer-02,manual-control-001,通过,通过,通过,通过,通过,通过,通过,通过,
manual-reviewer-02,manual-control-002,通过,通过,通过,通过,通过,通过,通过,通过,
manual-reviewer-02,manual-control-003,通过,通过,通过,通过,通过,通过,通过,通过,
manual-reviewer-02,manual-control-004,通过,通过,通过,通过,通过,通过,通过,通过,
manual-reviewer-02,manual-control-005,通过,通过,通过,通过,通过,通过,通过,通过,
manual-reviewer-02,manual-control-006,通过,通过,通过,通过,通过,通过,通过,通过,
manual-reviewer-02,manual-control-007,通过,通过,通过,通过,通过,通过,通过,通过,
manual-reviewer-02,manual-control-008,通过,通过,通过,通过,通过,通过,通过,通过,
manual-reviewer-02,manual-control-009,通过,通过,通过,通过,通过,通过,通过,通过,
manual-reviewer-02,manual-control-010,通过,通过,通过,通过,通过,通过,通过,通过,
manual-reviewer-02,manual-control-011,通过,通过,通过,通过,通过,通过,通过,通过,
manual-reviewer-02,manual-control-012,通过,通过,通过,通过,通过,通过,通过,通过,
manual-reviewer-02,manual-control-013,通过,通过,通过,通过,通过,通过,通过,通过,
manual-reviewer-02,manual-control-014,通过,通过,通过,通过,通过,通过,通过,通过,
manual-reviewer-02,manual-control-015,通过,通过,通过,通过,通过,通过,通过,通过,
manual-reviewer-02,manual-control-016,通过,通过,通过,通过,通过,通过,通过,通过,
manual-reviewer-02,manual-control-017,通过,通过,通过,通过,通过,通过,通过,通过,
manual-reviewer-02,manual-control-018,通过,通过,通过,通过,通过,通过,通过,通过,
manual-reviewer-02,manual-control-019,通过,通过,通过,通过,通过,通过,通过,通过,
manual-reviewer-02,manual-control-020,通过,通过,通过,通过,通过,通过,通过,通过,
manual-reviewer-02,manual-control-021,通过,通过,通过,通过,通过,通过,通过,通过,
manual-reviewer-02,manual-control-022,通过,通过,通过,通过,通过,通过,通过,通过,
manual-reviewer-02,manual-control-023,通过,通过,通过,通过,通过,通过,通过,通过,
manual-reviewer-02,manual-control-024,通过,通过,通过,通过,通过,通过,通过,通过,
manual-reviewer-02,manual-control-025,通过,通过,通过,通过,通过,通过,通过,通过,
manual-reviewer-02,manual-control-026,通过,通过,通过,通过,通过,通过,通过,通过,
manual-reviewer-02,manual-control-027,通过,通过,通过,通过,通过,通过,通过,通过,
manual-reviewer-02,manual-control-028,通过,通过,通过,通过,通过,通过,通过,通过,
manual-reviewer-02,manual-control-029,通过,通过,通过,通过,通过,通过,通过,通过,
manual-reviewer-02,manual-control-030,通过,通过,通过,通过,通过,通过,通过,通过,
manual-reviewer-02,manual-control-031,通过,通过,通过,通过,通过,通过,通过,通过,
manual-reviewer-02,manual-control-032,通过,通过,通过,通过,通过,通过,通过,通过,
manual-reviewer-02,manual-control-033,通过,通过,通过,通过,通过,通过,通过,通过,
manual-reviewer-02,manual-control-034,通过,通过,通过,通过,通过,通过,通过,通过,
manual-reviewer-02,manual-control-035,通过,通过,通过,通过,通过,通过,通过,通过,
manual-reviewer-02,manual-control-036,通过,通过,通过,通过,通过,通过,通过,通过,
manual-reviewer-02,manual-control-037,通过,通过,通过,通过,通过,通过,通过,通过,
manual-reviewer-02,manual-control-038,通过,通过,通过,通过,通过,通过,通过,通过,
manual-reviewer-02,manual-control-039,通过,通过,通过,通过,通过,通过,通过,通过,
manual-reviewer-02,manual-control-040,通过,通过,通过,通过,通过,通过,通过,通过,
manual-reviewer-02,manual-control-041,通过,通过,通过,通过,通过,通过,通过,通过,
manual-reviewer-02,manual-control-042,通过,通过,通过,通过,通过,通过,通过,通过,
manual-reviewer-02,manual-control-043,通过,通过,通过,通过,通过,通过,通过,通过,
manual-reviewer-02,manual-control-044,通过,通过,通过,通过,通过,通过,通过,通过,
manual-reviewer-02,manual-control-045,通过,通过,通过,通过,通过,通过,通过,通过,
manual-reviewer-02,manual-control-046,通过,通过,通过,通过,通过,通过,通过,通过,
manual-reviewer-02,manual-control-047,通过,通过,通过,通过,通过,通过,通过,通过,
manual-reviewer-02,manual-control-048,通过,通过,通过,通过,通过,通过,通过,通过,
manual-reviewer-02,manual-control-049,通过,通过,通过,通过,通过,通过,通过,通过,
manual-reviewer-02,manual-control-050,通过,通过,通过,通过,通过,通过,通过,通过,
manual-reviewer-02,manual-control-051,通过,通过,通过,通过,通过,通过,通过,通过,
manual-reviewer-02,manual-control-052,通过,通过,通过,通过,通过,通过,通过,通过,
manual-reviewer-02,manual-control-053,通过,通过,通过,通过,通过,通过,通过,通过,
manual-reviewer-02,manual-control-054,通过,通过,通过,通过,通过,通过,通过,通过,
manual-reviewer-02,manual-control-055,通过,通过,通过,通过,通过,通过,通过,通过,
manual-reviewer-02,manual-control-056,通过,通过,通过,通过,通过,通过,通过,通过,
manual-reviewer-02,manual-control-057,通过,通过,通过,通过,通过,通过,通过,通过,
manual-reviewer-02,manual-control-058,通过,通过,通过,通过,通过,通过,通过,通过,
manual-reviewer-02,manual-control-059,通过,通过,通过,通过,通过,通过,通过,通过,
manual-reviewer-02,manual-control-060,通过,通过,通过,通过,通过,通过,通过,通过,
manual-reviewer-03,manual-control-001,通过,通过,通过,通过,通过,通过,通过,通过,
manual-reviewer-03,manual-control-002,通过,通过,通过,通过,通过,通过,通过,通过,
manual-reviewer-03,manual-control-003,通过,通过,通过,通过,通过,通过,通过,通过,
manual-reviewer-03,manual-control-004,通过,通过,通过,通过,通过,通过,通过,通过,
manual-reviewer-03,manual-control-005,通过,通过,通过,通过,通过,通过,通过,通过,
manual-reviewer-03,manual-control-006,通过,通过,通过,通过,通过,通过,通过,通过,
manual-reviewer-03,manual-control-007,通过,通过,通过,通过,通过,通过,通过,通过,
manual-reviewer-03,manual-control-008,通过,通过,通过,通过,通过,通过,通过,通过,
manual-reviewer-03,manual-control-009,通过,通过,通过,通过,通过,通过,通过,通过,
manual-reviewer-03,manual-control-010,通过,通过,通过,通过,通过,通过,通过,通过,
manual-reviewer-03,manual-control-011,通过,通过,通过,通过,通过,通过,通过,通过,
manual-reviewer-03,manual-control-012,通过,通过,通过,通过,通过,通过,通过,通过,
manual-reviewer-03,manual-control-013,通过,通过,通过,通过,通过,通过,通过,通过,
manual-reviewer-03,manual-control-014,通过,通过,通过,通过,通过,通过,通过,通过,
manual-reviewer-03,manual-control-015,通过,通过,通过,通过,通过,通过,通过,通过,
manual-reviewer-03,manual-control-016,通过,通过,通过,通过,通过,通过,通过,通过,
manual-reviewer-03,manual-control-017,通过,通过,通过,通过,通过,通过,通过,通过,
manual-reviewer-03,manual-control-018,通过,通过,通过,通过,通过,通过,通过,通过,
manual-reviewer-03,manual-control-019,通过,通过,通过,通过,通过,通过,通过,通过,
manual-reviewer-03,manual-control-020,通过,通过,通过,通过,通过,通过,通过,通过,
manual-reviewer-03,manual-control-021,通过,通过,通过,通过,通过,通过,通过,通过,
manual-reviewer-03,manual-control-022,通过,通过,通过,通过,通过,通过,通过,通过,
manual-reviewer-03,manual-control-023,通过,通过,通过,通过,通过,通过,通过,通过,
manual-reviewer-03,manual-control-024,通过,通过,通过,通过,通过,通过,通过,通过,
manual-reviewer-03,manual-control-025,通过,通过,通过,通过,通过,通过,通过,通过,
manual-reviewer-03,manual-control-026,通过,通过,通过,通过,通过,通过,通过,通过,
manual-reviewer-03,manual-control-027,通过,通过,通过,通过,通过,通过,通过,通过,
manual-reviewer-03,manual-control-028,通过,通过,通过,通过,通过,通过,通过,通过,
manual-reviewer-03,manual-control-029,通过,通过,通过,通过,通过,通过,通过,通过,
manual-reviewer-03,manual-control-030,通过,通过,通过,通过,通过,通过,通过,通过,
manual-reviewer-03,manual-control-031,通过,通过,通过,通过,通过,通过,通过,通过,
manual-reviewer-03,manual-control-032,通过,通过,通过,通过,通过,通过,通过,通过,
manual-reviewer-03,manual-control-033,通过,通过,通过,通过,通过,通过,通过,通过,
manual-reviewer-03,manual-control-034,通过,通过,通过,通过,通过,通过,通过,通过,
manual-reviewer-03,manual-control-035,通过,通过,通过,通过,通过,通过,通过,通过,
manual-reviewer-03,manual-control-036,通过,通过,通过,通过,通过,通过,通过,通过,
manual-reviewer-03,manual-control-037,通过,通过,通过,通过,通过,通过,通过,通过,
manual-reviewer-03,manual-control-038,通过,通过,通过,通过,通过,通过,通过,通过,
manual-reviewer-03,manual-control-039,通过,通过,通过,通过,通过,通过,通过,通过,
manual-reviewer-03,manual-control-040,通过,通过,通过,通过,通过,通过,通过,通过,
manual-reviewer-03,manual-control-041,通过,通过,通过,通过,通过,通过,通过,通过,
manual-reviewer-03,manual-control-042,通过,通过,通过,通过,通过,通过,通过,通过,
manual-reviewer-03,manual-control-043,通过,通过,通过,通过,通过,通过,通过,通过,
manual-reviewer-03,manual-control-044,通过,通过,通过,通过,通过,通过,通过,通过,
manual-reviewer-03,manual-control-045,通过,通过,通过,通过,通过,通过,通过,通过,
manual-reviewer-03,manual-control-046,通过,通过,通过,通过,通过,通过,通过,通过,
manual-reviewer-03,manual-control-047,通过,通过,通过,通过,通过,通过,通过,通过,
manual-reviewer-03,manual-control-048,通过,通过,通过,通过,通过,通过,通过,通过,
manual-reviewer-03,manual-control-049,通过,通过,通过,通过,通过,通过,通过,通过,
manual-reviewer-03,manual-control-050,通过,通过,通过,通过,通过,通过,通过,通过,
manual-reviewer-03,manual-control-051,通过,通过,通过,通过,通过,通过,通过,通过,
manual-reviewer-03,manual-control-052,通过,通过,通过,通过,通过,通过,通过,通过,
manual-reviewer-03,manual-control-053,通过,通过,通过,通过,通过,通过,通过,通过,
manual-reviewer-03,manual-control-054,通过,通过,通过,通过,通过,通过,通过,通过,
manual-reviewer-03,manual-control-055,通过,通过,通过,通过,通过,通过,通过,通过,
manual-reviewer-03,manual-control-056,通过,通过,通过,通过,通过,通过,通过,通过,
manual-reviewer-03,manual-control-057,通过,通过,通过,通过,通过,通过,通过,通过,
manual-reviewer-03,manual-control-058,通过,通过,通过,通过,通过,通过,通过,通过,
manual-reviewer-03,manual-control-059,通过,通过,通过,通过,通过,通过,通过,通过,
manual-reviewer-03,manual-control-060,通过,通过,通过,通过,通过,通过,通过,通过,
manual-reviewer-04,manual-control-001,通过,通过,通过,通过,通过,通过,通过,通过,
manual-reviewer-04,manual-control-002,通过,通过,通过,通过,通过,通过,通过,通过,
manual-reviewer-04,manual-control-003,通过,通过,通过,通过,通过,通过,通过,通过,
manual-reviewer-04,manual-control-004,通过,通过,通过,通过,通过,通过,通过,通过,
manual-reviewer-04,manual-control-005,通过,通过,通过,通过,通过,通过,通过,通过,
manual-reviewer-04,manual-control-006,通过,通过,通过,通过,通过,通过,通过,通过,
manual-reviewer-04,manual-control-007,通过,通过,通过,通过,通过,通过,通过,通过,
manual-reviewer-04,manual-control-008,通过,通过,通过,通过,通过,通过,通过,通过,
manual-reviewer-04,manual-control-009,通过,通过,通过,通过,通过,通过,通过,通过,
manual-reviewer-04,manual-control-010,通过,通过,通过,通过,通过,通过,通过,通过,
manual-reviewer-04,manual-control-011,通过,通过,通过,通过,通过,通过,通过,通过,
manual-reviewer-04,manual-control-012,通过,通过,通过,通过,通过,通过,通过,通过,
manual-reviewer-04,manual-control-013,通过,通过,通过,通过,通过,通过,通过,通过,
manual-reviewer-04,manual-control-014,通过,通过,通过,通过,通过,通过,通过,通过,
manual-reviewer-04,manual-control-015,通过,通过,通过,通过,通过,通过,通过,通过,
manual-reviewer-04,manual-control-016,通过,通过,通过,通过,通过,通过,通过,通过,
manual-reviewer-04,manual-control-017,通过,通过,通过,通过,通过,通过,通过,通过,
manual-reviewer-04,manual-control-018,通过,通过,通过,通过,通过,通过,通过,通过,
manual-reviewer-04,manual-control-019,通过,通过,通过,通过,通过,通过,通过,通过,
manual-reviewer-04,manual-control-020,通过,通过,通过,通过,通过,通过,通过,通过,
manual-reviewer-04,manual-control-021,通过,通过,通过,通过,通过,通过,通过,通过,
manual-reviewer-04,manual-control-022,通过,通过,通过,通过,通过,通过,通过,通过,
manual-reviewer-04,manual-control-023,通过,通过,通过,通过,通过,通过,通过,通过,
manual-reviewer-04,manual-control-024,通过,通过,通过,通过,通过,通过,通过,通过,
manual-reviewer-04,manual-control-025,通过,通过,通过,通过,通过,通过,通过,通过,
manual-reviewer-04,manual-control-026,通过,通过,通过,通过,通过,通过,通过,通过,
manual-reviewer-04,manual-control-027,通过,通过,通过,通过,通过,通过,通过,通过,
manual-reviewer-04,manual-control-028,通过,通过,通过,通过,通过,通过,通过,通过,
manual-reviewer-04,manual-control-029,通过,通过,通过,通过,通过,通过,通过,通过,
manual-reviewer-04,manual-control-030,通过,通过,通过,通过,通过,通过,通过,通过,
manual-reviewer-04,manual-control-031,通过,通过,通过,通过,通过,通过,通过,通过,
manual-reviewer-04,manual-control-032,通过,通过,通过,通过,通过,通过,通过,通过,
manual-reviewer-04,manual-control-033,通过,通过,通过,通过,通过,通过,通过,通过,
manual-reviewer-04,manual-control-034,通过,通过,通过,通过,通过,通过,通过,通过,
manual-reviewer-04,manual-control-035,通过,通过,通过,通过,通过,通过,通过,通过,
manual-reviewer-04,manual-control-036,通过,通过,通过,通过,通过,通过,通过,通过,
manual-reviewer-04,manual-control-037,通过,通过,通过,通过,通过,通过,通过,通过,
manual-reviewer-04,manual-control-038,通过,通过,通过,通过,通过,通过,通过,通过,
manual-reviewer-04,manual-control-039,通过,通过,通过,通过,通过,通过,通过,通过,
manual-reviewer-04,manual-control-040,通过,通过,通过,通过,通过,通过,通过,通过,
manual-reviewer-04,manual-control-041,通过,通过,通过,通过,通过,通过,通过,通过,
manual-reviewer-04,manual-control-042,通过,通过,通过,通过,通过,通过,通过,通过,
manual-reviewer-04,manual-control-043,通过,通过,通过,通过,通过,通过,通过,通过,
manual-reviewer-04,manual-control-044,通过,通过,通过,通过,通过,通过,通过,通过,
manual-reviewer-04,manual-control-045,通过,通过,通过,通过,通过,通过,通过,通过,
manual-reviewer-04,manual-control-046,通过,通过,通过,通过,通过,通过,通过,通过,
manual-reviewer-04,manual-control-047,通过,通过,通过,通过,通过,通过,通过,通过,
manual-reviewer-04,manual-control-048,通过,通过,通过,通过,通过,通过,通过,通过,
manual-reviewer-04,manual-control-049,通过,通过,通过,通过,通过,通过,通过,通过,
manual-reviewer-04,manual-control-050,通过,通过,通过,通过,通过,通过,通过,通过,
manual-reviewer-04,manual-control-051,通过,通过,通过,通过,通过,通过,通过,通过,
manual-reviewer-04,manual-control-052,通过,通过,通过,通过,通过,通过,通过,通过,
manual-reviewer-04,manual-control-053,通过,通过,通过,通过,通过,通过,通过,通过,
manual-reviewer-04,manual-control-054,通过,通过,通过,通过,通过,通过,通过,通过,
manual-reviewer-04,manual-control-055,通过,通过,通过,通过,通过,通过,通过,通过,
manual-reviewer-04,manual-control-056,通过,通过,通过,通过,通过,通过,通过,通过,
manual-reviewer-04,manual-control-057,通过,通过,通过,通过,通过,通过,通过,通过,
manual-reviewer-04,manual-control-058,通过,通过,通过,通过,通过,通过,通过,通过,
manual-reviewer-04,manual-control-059,通过,通过,通过,通过,通过,通过,通过,通过,
manual-reviewer-04,manual-control-060,通过,通过,通过,通过,通过,通过,通过,通过,
