reviewer_id,group_id,all_three_controls_reviewed,conclusion,issue_code,direction_after_unblinding
manual-reviewer-01,manual-group-001,是,通过,,zero
manual-reviewer-01,manual-group-002,是,通过,,negative
manual-reviewer-01,manual-group-003,是,通过,,positive
manual-reviewer-01,manual-group-004,是,通过,,zero
manual-reviewer-01,manual-group-005,是,通过,,negative
manual-reviewer-01,manual-group-006,是,通过,,zero
manual-reviewer-01,manual-group-007,是,通过,,positive
manual-reviewer-01,manual-group-008,是,通过,,zero
manual-reviewer-01,manual-group-009,是,通过,,negative
manual-reviewer-01,manual-group-010,是,通过,,zero
manual-reviewer-01,manual-group-011,是,通过,,zero
manual-reviewer-01,manual-group-012,是,通过,,zero
manual-reviewer-01,manual-group-013,是,通过,,zero
manual-reviewer-01,manual-group-014,是,通过,,zero
manual-reviewer-01,manual-group-015,是,通过,,zero
manual-reviewer-01,manual-group-016,是,通过,,zero
manual-reviewer-01,manual-group-017,是,通过,,positive
manual-reviewer-01,manual-group-018,是,通过,,zero
manual-reviewer-01,manual-group-019,是,通过,,negative
manual-reviewer-01,manual-group-020,是,通过,,zero
manual-reviewer-02,manual-group-001,是,通过,,zero
manual-reviewer-02,manual-group-002,是,通过,,negative
manual-reviewer-02,manual-group-003,是,通过,,positive
manual-reviewer-02,manual-group-004,是,通过,,zero
manual-reviewer-02,manual-group-005,是,通过,,negative
manual-reviewer-02,manual-group-006,是,通过,,zero
manual-reviewer-02,manual-group-007,是,通过,,positive
manual-reviewer-02,manual-group-008,是,通过,,zero
manual-reviewer-02,manual-group-009,是,通过,,negative
manual-reviewer-02,manual-group-010,是,通过,,zero
manual-reviewer-02,manual-group-011,是,通过,,zero
manual-reviewer-02,manual-group-012,是,通过,,zero
manual-reviewer-02,manual-group-013,是,通过,,zero
manual-reviewer-02,manual-group-014,是,通过,,zero
manual-reviewer-02,manual-group-015,是,通过,,zero
manual-reviewer-02,manual-group-016,是,通过,,zero
manual-reviewer-02,manual-group-017,是,通过,,positive
manual-reviewer-02,manual-group-018,是,通过,,zero
manual-reviewer-02,manual-group-019,是,通过,,negative
manual-reviewer-02,manual-group-020,是,通过,,zero
manual-reviewer-03,manual-group-001,是,通过,,zero
manual-reviewer-03,manual-group-002,是,通过,,negative
manual-reviewer-03,manual-group-003,是,通过,,positive
manual-reviewer-03,manual-group-004,是,通过,,zero
manual-reviewer-03,manual-group-005,是,通过,,negative
manual-reviewer-03,manual-group-006,是,通过,,zero
manual-reviewer-03,manual-group-007,是,通过,,positive
manual-reviewer-03,manual-group-008,是,通过,,zero
manual-reviewer-03,manual-group-009,是,通过,,negative
manual-reviewer-03,manual-group-010,是,通过,,zero
manual-reviewer-03,manual-group-011,是,通过,,zero
manual-reviewer-03,manual-group-012,是,通过,,zero
manual-reviewer-03,manual-group-013,是,通过,,zero
manual-reviewer-03,manual-group-014,是,通过,,zero
manual-reviewer-03,manual-group-015,是,通过,,zero
manual-reviewer-03,manual-group-016,是,通过,,zero
manual-reviewer-03,manual-group-017,是,通过,,positive
manual-reviewer-03,manual-group-018,是,通过,,zero
manual-reviewer-03,manual-group-019,是,通过,,negative
manual-reviewer-03,manual-group-020,是,通过,,zero
manual-reviewer-04,manual-group-001,是,通过,,zero
manual-reviewer-04,manual-group-002,是,通过,,negative
manual-reviewer-04,manual-group-003,是,通过,,positive
manual-reviewer-04,manual-group-004,是,通过,,zero
manual-reviewer-04,manual-group-005,是,通过,,negative
manual-reviewer-04,manual-group-006,是,通过,,zero
manual-reviewer-04,manual-group-007,是,通过,,positive
manual-reviewer-04,manual-group-008,是,通过,,zero
manual-reviewer-04,manual-group-009,是,通过,,negative
manual-reviewer-04,manual-group-010,是,通过,,zero
manual-reviewer-04,manual-group-011,是,通过,,zero
manual-reviewer-04,manual-group-012,是,通过,,zero
manual-reviewer-04,manual-group-013,是,通过,,zero
manual-reviewer-04,manual-group-014,是,通过,,zero
manual-reviewer-04,manual-group-015,是,通过,,zero
manual-reviewer-04,manual-group-016,是,通过,,zero
manual-reviewer-04,manual-group-017,是,通过,,positive
manual-reviewer-04,manual-group-018,是,通过,,zero
manual-reviewer-04,manual-group-019,是,通过,,negative
manual-reviewer-04,manual-group-020,是,通过,,zero
