item_type,evidence_item_id,group_id,control_slot,service,cyclic_hour_distance,log_request_distance,matching_score,candidate_rank,eligible_candidate_count,history_valid_samples_min,future_valid_samples_min,buffer_nonoverlap_rule_pass,direction
control,manual-control-001,manual-group-001,1,currencyservice,0,0.463173339745401,0.463173339745401,1,41,764,15,True,zero
control,manual-control-002,manual-group-001,2,currencyservice,0,0.5140439973524682,0.5140439973524682,2,41,759,15,True,zero
control,manual-control-003,manual-group-001,3,currencyservice,0,0.5612584737913799,0.5612584737913799,3,41,754,15,True,zero
control,manual-control-004,manual-group-002,1,adservice,0,0.0473503122829903,0.0473503122829903,1,40,1003,15,True,negative
control,manual-control-005,manual-group-002,2,adservice,0,0.0493156734364355,0.0493156734364355,2,40,998,15,True,negative
control,manual-control-006,manual-group-002,3,adservice,0,0.0530056297763419,0.0530056297763419,3,40,993,15,True,negative
control,manual-control-007,manual-group-003,1,shippingservice,0,0.0359948985898572,0.0359948985898572,1,41,1313,15,True,positive
control,manual-control-008,manual-group-003,2,shippingservice,0,0.0428607137900982,0.0428607137900982,2,41,1298,15,True,positive
control,manual-control-009,manual-group-003,3,shippingservice,0,0.0498017836303521,0.0498017836303521,3,41,1303,15,True,positive
control,manual-control-010,manual-group-004,1,paymentservice,0,0.7869392512026172,0.7869392512026172,1,40,924,15,True,zero
control,manual-control-011,manual-group-004,2,paymentservice,0,0.7893258871803477,0.7893258871803477,2,40,919,15,True,zero
control,manual-control-012,manual-group-004,3,paymentservice,0,0.7989298025345279,0.7989298025345279,3,40,929,15,True,zero
control,manual-control-013,manual-group-005,1,checkoutservice,0,0.2154234449810292,0.2154234449810292,1,41,324,15,True,negative
control,manual-control-014,manual-group-005,2,checkoutservice,0,0.2617726837196361,0.2617726837196361,2,41,319,15,True,negative
control,manual-control-015,manual-group-005,3,checkoutservice,0,0.2701952637791347,0.2701952637791347,3,41,275,15,True,negative
control,manual-control-016,manual-group-006,1,emailservice,0,0.2245325476020383,0.2245325476020383,1,36,1142,15,True,zero
control,manual-control-017,manual-group-006,2,emailservice,0,0.2290872424951864,0.2290872424951864,2,36,1147,15,True,zero
control,manual-control-018,manual-group-006,3,emailservice,0,0.2305599968114595,0.2305599968114595,3,36,1152,15,True,zero
control,manual-control-019,manual-group-007,1,cartservice,0,0.01728632775092,0.01728632775092,1,40,1003,15,True,positive
control,manual-control-020,manual-group-007,2,cartservice,0,0.0187606134532813,0.0187606134532813,2,40,998,15,True,positive
control,manual-control-021,manual-group-007,3,cartservice,0,0.0224708676401661,0.0224708676401661,3,40,993,15,True,positive
control,manual-control-022,manual-group-008,1,recommendationservice,0,0.4087038718744313,0.4087038718744313,1,40,994,15,True,zero
control,manual-control-023,manual-group-008,2,recommendationservice,0,0.410297690966912,0.410297690966912,2,40,989,15,True,zero
control,manual-control-024,manual-group-008,3,recommendationservice,0,0.4139435148395716,0.4139435148395716,3,40,984,15,True,zero
control,manual-control-025,manual-group-009,1,productcatalogservice,0,0.6624471707073933,0.6624471707073933,1,41,724,15,True,negative
control,manual-control-026,manual-group-009,2,productcatalogservice,0,0.6626231050843252,0.6626231050843252,2,41,729,15,True,negative
control,manual-control-027,manual-group-009,3,productcatalogservice,0,0.663528677272172,0.663528677272172,3,41,734,15,True,negative
control,manual-control-028,manual-group-010,1,frontend,0,0.0031629733743745,0.0031629733743745,1,38,804,15,True,zero
control,manual-control-029,manual-group-010,2,frontend,0,0.0232556567845598,0.0232556567845598,2,38,799,15,True,zero
control,manual-control-030,manual-group-010,3,frontend,0,0.0242842992287926,0.0242842992287926,3,38,809,15,True,zero
control,manual-control-031,manual-group-011,1,redis-cart,0,0.0014020545440409,0.0014020545440409,1,43,132,15,True,zero
control,manual-control-032,manual-group-011,2,redis-cart,0,0.0062547645846446,0.0062547645846446,2,43,142,15,True,zero
control,manual-control-033,manual-group-011,3,redis-cart,0,0.0063152991044734,0.0063152991044734,3,43,137,15,True,zero
control,manual-control-034,manual-group-012,1,adservice,0,0.028569393986606,0.028569393986606,1,38,1302,15,True,zero
control,manual-control-035,manual-group-012,2,adservice,0,0.0348173334427048,0.0348173334427048,2,38,1297,15,True,zero
control,manual-control-036,manual-group-012,3,adservice,0,0.0407899683869263,0.0407899683869263,3,38,1292,15,True,zero
control,manual-control-037,manual-group-013,1,paymentservice,0,0.0144233269611042,0.0144233269611042,1,46,507,15,True,zero
control,manual-control-038,manual-group-013,2,paymentservice,0,0.0192777054259032,0.0192777054259032,2,46,512,15,True,zero
control,manual-control-039,manual-group-013,3,paymentservice,0,0.0217137602237835,0.0217137602237835,3,46,502,15,True,zero
control,manual-control-040,manual-group-014,1,paymentservice,0,0.7600155869425222,0.7600155869425222,1,36,1213,15,True,zero
control,manual-control-041,manual-group-014,2,paymentservice,0,0.7732754497308605,0.7732754497308605,2,36,1203,15,True,zero
control,manual-control-042,manual-group-014,3,paymentservice,0,0.7732754497308605,0.7732754497308605,3,36,1208,15,True,zero
control,manual-control-043,manual-group-015,1,emailservice,0,0.0183092779529197,0.0183092779529197,1,40,958,15,True,zero
control,manual-control-044,manual-group-015,2,emailservice,0,0.0232172632651117,0.0232172632651117,2,40,953,15,True,zero
control,manual-control-045,manual-group-015,3,emailservice,0,0.0282535196177455,0.0282535196177455,3,40,948,15,True,zero
control,manual-control-046,manual-group-016,1,adservice,0,0.0049029374894296,0.0049029374894296,1,38,1302,15,True,zero
control,manual-control-047,manual-group-016,2,adservice,0,0.0111508769455284,0.0111508769455284,2,38,1297,15,True,zero
control,manual-control-048,manual-group-016,3,adservice,0,0.0171235118897499,0.0171235118897499,3,38,1292,15,True,zero
control,manual-control-049,manual-group-017,1,adservice,0,0.0066762644713183,0.0066762644713183,1,46,249,15,True,positive
control,manual-control-050,manual-group-017,2,adservice,0,0.0092992659377291,0.0092992659377291,2,46,244,15,True,positive
control,manual-control-051,manual-group-017,3,adservice,0,0.0122677979438741,0.0122677979438741,3,46,234,15,True,positive
control,manual-control-052,manual-group-018,1,recommendationservice,0,0.0003134304993537,0.0003134304993537,1,46,236,15,True,zero
control,manual-control-053,manual-group-018,2,recommendationservice,0,0.0035055627789883,0.0035055627789883,2,46,231,15,True,zero
control,manual-control-054,manual-group-018,3,recommendationservice,0,0.0067605005540229,0.0067605005540229,3,46,226,15,True,zero
control,manual-control-055,manual-group-019,1,shippingservice,0,0.0018741638685284,0.0018741638685284,1,79,142,12,True,negative
control,manual-control-056,manual-group-019,2,shippingservice,0,0.0069920951800277,0.0069920951800277,2,79,137,12,True,negative
control,manual-control-057,manual-group-019,3,shippingservice,0,0.0106625027222442,0.0106625027222442,3,79,132,15,True,negative
control,manual-control-058,manual-group-020,1,checkoutservice,0,0.0604126001894336,0.0604126001894336,1,22,231,15,True,zero
control,manual-control-059,manual-group-020,2,checkoutservice,0,0.0633021996492431,0.0633021996492431,2,22,236,15,True,zero
control,manual-control-060,manual-group-020,3,checkoutservice,0,0.0702428848913818,0.0702428848913818,3,22,246,15,True,zero
group,manual-group-001,manual-group-001,,currencyservice,,,,,41,60,,,zero
group,manual-group-002,manual-group-002,,adservice,,,,,40,60,,,negative
group,manual-group-003,manual-group-003,,shippingservice,,,,,41,60,,,positive
group,manual-group-004,manual-group-004,,paymentservice,,,,,40,60,,,zero
group,manual-group-005,manual-group-005,,checkoutservice,,,,,41,57,,,negative
group,manual-group-006,manual-group-006,,emailservice,,,,,36,60,,,zero
group,manual-group-007,manual-group-007,,cartservice,,,,,40,60,,,positive
group,manual-group-008,manual-group-008,,recommendationservice,,,,,40,60,,,zero
group,manual-group-009,manual-group-009,,productcatalogservice,,,,,41,60,,,negative
group,manual-group-010,manual-group-010,,frontend,,,,,38,60,,,zero
group,manual-group-011,manual-group-011,,redis-cart,,,,,43,60,,,zero
group,manual-group-012,manual-group-012,,adservice,,,,,38,60,,,zero
group,manual-group-013,manual-group-013,,paymentservice,,,,,46,46,,,zero
group,manual-group-014,manual-group-014,,paymentservice,,,,,36,60,,,zero
group,manual-group-015,manual-group-015,,emailservice,,,,,40,60,,,zero
group,manual-group-016,manual-group-016,,adservice,,,,,38,59,,,zero
group,manual-group-017,manual-group-017,,adservice,,,,,46,60,,,positive
group,manual-group-018,manual-group-018,,recommendationservice,,,,,46,60,,,zero
group,manual-group-019,manual-group-019,,shippingservice,,,,,79,60,,,negative
group,manual-group-020,manual-group-020,,checkoutservice,,,,,22,60,,,zero
