card_id,stratum,v1_route,v1_1_route,choice_A,choice_B,choice_C,choice_D,v1_agreements,v1_1_agreements,median_confidence
bdv-355353fcf8e7,B_stable,B,B,0,3,0,0,3,3,5
bdv-9eb1e5488722,B_stable,B,B,0,3,0,0,3,3,5
bdv-7112b65a6fb2,B_stable,B,B,0,3,0,0,3,3,5
bdv-b8aa03d18fa0,B_stable,B,B,1,2,0,0,2,2,5
bdv-1123111f0da3,B_stable,B,B,0,3,0,0,3,3,5
bdv-d276abdefc96,B_stable,B,B,1,2,0,0,2,2,5
bdv-d861e5823adb,B_to_D,B,D,0,0,0,3,0,3,4
bdv-3e603179629a,B_to_D,B,D,1,0,0,2,0,2,4
bdv-7268af51559f,B_to_D,B,D,0,0,0,3,0,3,5
bdv-2136ee9cd96f,B_to_D,B,D,0,0,0,3,0,3,5
bdv-e072fbe272a0,B_to_D,B,D,0,0,0,3,0,3,5
bdv-89fa16c8eb3a,B_to_D,B,D,1,0,0,2,0,2,5
bdv-cba4749f5ad3,A_stable,A,A,3,0,0,0,3,3,5
bdv-44e8c2322f9c,A_stable,A,A,3,0,0,0,3,3,5
bdv-74c1c24eadda,A_stable,A,A,3,0,0,0,3,3,5
bdv-d5feca2d26a3,A_stable,A,A,3,0,0,0,3,3,5
bdv-483ec6b2552b,C_stable,C,C,0,0,3,0,3,3,5
bdv-3362fc3307c0,C_stable,C,C,0,0,3,0,3,3,5
bdv-32d4ba38217c,C_stable,C,C,0,0,3,0,3,3,5
bdv-c64fec53a048,C_stable,C,C,0,0,3,0,3,3,5
bdv-4a743261db15,D_stable,D,D,0,0,0,3,3,3,5
bdv-2fa3a1954dc3,D_stable,D,D,0,0,0,3,3,3,5
bdv-0c66d492d440,D_stable,D,D,0,0,0,3,3,3,4
bdv-7903a0e18d8a,D_stable,D,D,0,0,0,3,3,3,4
