scenario,from_status,to_status,count,changed
drop_history,insufficient_evidence,insufficient_evidence,0,False
drop_history,insufficient_evidence,threshold_unresolved,311,True
drop_history,insufficient_evidence,needs_context_review,134,True
drop_history,insufficient_evidence,candidate_for_stakeholder_review,609,True
drop_history,threshold_unresolved,insufficient_evidence,0,True
drop_history,threshold_unresolved,threshold_unresolved,2424,False
drop_history,threshold_unresolved,needs_context_review,0,True
drop_history,threshold_unresolved,candidate_for_stakeholder_review,0,True
drop_history,needs_context_review,insufficient_evidence,0,True
drop_history,needs_context_review,threshold_unresolved,0,True
drop_history,needs_context_review,needs_context_review,948,False
drop_history,needs_context_review,candidate_for_stakeholder_review,0,True
drop_history,candidate_for_stakeholder_review,insufficient_evidence,0,True
drop_history,candidate_for_stakeholder_review,threshold_unresolved,0,True
drop_history,candidate_for_stakeholder_review,needs_context_review,0,True
drop_history,candidate_for_stakeholder_review,candidate_for_stakeholder_review,4242,False
drop_resolution,insufficient_evidence,insufficient_evidence,1054,False
drop_resolution,insufficient_evidence,threshold_unresolved,0,True
drop_resolution,insufficient_evidence,needs_context_review,0,True
drop_resolution,insufficient_evidence,candidate_for_stakeholder_review,0,True
drop_resolution,threshold_unresolved,insufficient_evidence,0,True
drop_resolution,threshold_unresolved,threshold_unresolved,0,False
drop_resolution,threshold_unresolved,needs_context_review,0,True
drop_resolution,threshold_unresolved,candidate_for_stakeholder_review,2424,True
drop_resolution,needs_context_review,insufficient_evidence,0,True
drop_resolution,needs_context_review,threshold_unresolved,0,True
drop_resolution,needs_context_review,needs_context_review,948,False
drop_resolution,needs_context_review,candidate_for_stakeholder_review,0,True
drop_resolution,candidate_for_stakeholder_review,insufficient_evidence,0,True
drop_resolution,candidate_for_stakeholder_review,threshold_unresolved,0,True
drop_resolution,candidate_for_stakeholder_review,needs_context_review,0,True
drop_resolution,candidate_for_stakeholder_review,candidate_for_stakeholder_review,4242,False
drop_tail,insufficient_evidence,insufficient_evidence,1054,False
drop_tail,insufficient_evidence,threshold_unresolved,0,True
drop_tail,insufficient_evidence,needs_context_review,0,True
drop_tail,insufficient_evidence,candidate_for_stakeholder_review,0,True
drop_tail,threshold_unresolved,insufficient_evidence,0,True
drop_tail,threshold_unresolved,threshold_unresolved,2424,False
drop_tail,threshold_unresolved,needs_context_review,0,True
drop_tail,threshold_unresolved,candidate_for_stakeholder_review,0,True
drop_tail,needs_context_review,insufficient_evidence,0,True
drop_tail,needs_context_review,threshold_unresolved,0,True
drop_tail,needs_context_review,needs_context_review,0,False
drop_tail,needs_context_review,candidate_for_stakeholder_review,948,True
drop_tail,candidate_for_stakeholder_review,insufficient_evidence,0,True
drop_tail,candidate_for_stakeholder_review,threshold_unresolved,0,True
drop_tail,candidate_for_stakeholder_review,needs_context_review,0,True
drop_tail,candidate_for_stakeholder_review,candidate_for_stakeholder_review,4242,False
swap_history_resolution,insufficient_evidence,insufficient_evidence,743,False
swap_history_resolution,insufficient_evidence,threshold_unresolved,311,True
swap_history_resolution,insufficient_evidence,needs_context_review,0,True
swap_history_resolution,insufficient_evidence,candidate_for_stakeholder_review,0,True
swap_history_resolution,threshold_unresolved,insufficient_evidence,0,True
swap_history_resolution,threshold_unresolved,threshold_unresolved,2424,False
swap_history_resolution,threshold_unresolved,needs_context_review,0,True
swap_history_resolution,threshold_unresolved,candidate_for_stakeholder_review,0,True
swap_history_resolution,needs_context_review,insufficient_evidence,0,True
swap_history_resolution,needs_context_review,threshold_unresolved,0,True
swap_history_resolution,needs_context_review,needs_context_review,948,False
swap_history_resolution,needs_context_review,candidate_for_stakeholder_review,0,True
swap_history_resolution,candidate_for_stakeholder_review,insufficient_evidence,0,True
swap_history_resolution,candidate_for_stakeholder_review,threshold_unresolved,0,True
swap_history_resolution,candidate_for_stakeholder_review,needs_context_review,0,True
swap_history_resolution,candidate_for_stakeholder_review,candidate_for_stakeholder_review,4242,False
swap_resolution_tail,insufficient_evidence,insufficient_evidence,1054,False
swap_resolution_tail,insufficient_evidence,threshold_unresolved,0,True
swap_resolution_tail,insufficient_evidence,needs_context_review,0,True
swap_resolution_tail,insufficient_evidence,candidate_for_stakeholder_review,0,True
swap_resolution_tail,threshold_unresolved,insufficient_evidence,0,True
swap_resolution_tail,threshold_unresolved,threshold_unresolved,2424,False
swap_resolution_tail,threshold_unresolved,needs_context_review,0,True
swap_resolution_tail,threshold_unresolved,candidate_for_stakeholder_review,0,True
swap_resolution_tail,needs_context_review,insufficient_evidence,0,True
swap_resolution_tail,needs_context_review,threshold_unresolved,0,True
swap_resolution_tail,needs_context_review,needs_context_review,948,False
swap_resolution_tail,needs_context_review,candidate_for_stakeholder_review,0,True
swap_resolution_tail,candidate_for_stakeholder_review,insufficient_evidence,0,True
swap_resolution_tail,candidate_for_stakeholder_review,threshold_unresolved,0,True
swap_resolution_tail,candidate_for_stakeholder_review,needs_context_review,0,True
swap_resolution_tail,candidate_for_stakeholder_review,candidate_for_stakeholder_review,4242,False
tail_cutoff_9.5,insufficient_evidence,insufficient_evidence,1054,False
tail_cutoff_9.5,insufficient_evidence,threshold_unresolved,0,True
tail_cutoff_9.5,insufficient_evidence,needs_context_review,0,True
tail_cutoff_9.5,insufficient_evidence,candidate_for_stakeholder_review,0,True
tail_cutoff_9.5,threshold_unresolved,insufficient_evidence,0,True
tail_cutoff_9.5,threshold_unresolved,threshold_unresolved,2424,False
tail_cutoff_9.5,threshold_unresolved,needs_context_review,0,True
tail_cutoff_9.5,threshold_unresolved,candidate_for_stakeholder_review,0,True
tail_cutoff_9.5,needs_context_review,insufficient_evidence,0,True
tail_cutoff_9.5,needs_context_review,threshold_unresolved,0,True
tail_cutoff_9.5,needs_context_review,needs_context_review,948,False
tail_cutoff_9.5,needs_context_review,candidate_for_stakeholder_review,0,True
tail_cutoff_9.5,candidate_for_stakeholder_review,insufficient_evidence,0,True
tail_cutoff_9.5,candidate_for_stakeholder_review,threshold_unresolved,0,True
tail_cutoff_9.5,candidate_for_stakeholder_review,needs_context_review,9,True
tail_cutoff_9.5,candidate_for_stakeholder_review,candidate_for_stakeholder_review,4233,False
tail_cutoff_10,insufficient_evidence,insufficient_evidence,1054,False
tail_cutoff_10,insufficient_evidence,threshold_unresolved,0,True
tail_cutoff_10,insufficient_evidence,needs_context_review,0,True
tail_cutoff_10,insufficient_evidence,candidate_for_stakeholder_review,0,True
tail_cutoff_10,threshold_unresolved,insufficient_evidence,0,True
tail_cutoff_10,threshold_unresolved,threshold_unresolved,2424,False
tail_cutoff_10,threshold_unresolved,needs_context_review,0,True
tail_cutoff_10,threshold_unresolved,candidate_for_stakeholder_review,0,True
tail_cutoff_10,needs_context_review,insufficient_evidence,0,True
tail_cutoff_10,needs_context_review,threshold_unresolved,0,True
tail_cutoff_10,needs_context_review,needs_context_review,948,False
tail_cutoff_10,needs_context_review,candidate_for_stakeholder_review,0,True
tail_cutoff_10,candidate_for_stakeholder_review,insufficient_evidence,0,True
tail_cutoff_10,candidate_for_stakeholder_review,threshold_unresolved,0,True
tail_cutoff_10,candidate_for_stakeholder_review,needs_context_review,0,True
tail_cutoff_10,candidate_for_stakeholder_review,candidate_for_stakeholder_review,4242,False
tail_cutoff_10.5,insufficient_evidence,insufficient_evidence,1054,False
tail_cutoff_10.5,insufficient_evidence,threshold_unresolved,0,True
tail_cutoff_10.5,insufficient_evidence,needs_context_review,0,True
tail_cutoff_10.5,insufficient_evidence,candidate_for_stakeholder_review,0,True
tail_cutoff_10.5,threshold_unresolved,insufficient_evidence,0,True
tail_cutoff_10.5,threshold_unresolved,threshold_unresolved,2424,False
tail_cutoff_10.5,threshold_unresolved,needs_context_review,0,True
tail_cutoff_10.5,threshold_unresolved,candidate_for_stakeholder_review,0,True
tail_cutoff_10.5,needs_context_review,insufficient_evidence,0,True
tail_cutoff_10.5,needs_context_review,threshold_unresolved,0,True
tail_cutoff_10.5,needs_context_review,needs_context_review,929,False
tail_cutoff_10.5,needs_context_review,candidate_for_stakeholder_review,19,True
tail_cutoff_10.5,candidate_for_stakeholder_review,insufficient_evidence,0,True
tail_cutoff_10.5,candidate_for_stakeholder_review,threshold_unresolved,0,True
tail_cutoff_10.5,candidate_for_stakeholder_review,needs_context_review,0,True
tail_cutoff_10.5,candidate_for_stakeholder_review,candidate_for_stakeholder_review,4242,False
