dimension,value,total,hidden_evidence_or_action,hidden_rate,insufficient_evidence,threshold_unresolved,needs_context_review,candidate_for_stakeholder_review
service,adservice,788,94,0.11928934010152284,94,0,0,694
service,cartservice,788,380,0.48223350253807107,96,0,284,408
service,checkoutservice,788,357,0.4530456852791878,102,255,0,431
service,currencyservice,788,442,0.5609137055837563,96,346,0,346
service,emailservice,788,443,0.5621827411167513,98,345,0,345
service,frontend,788,477,0.6053299492385786,94,94,289,311
service,paymentservice,788,443,0.5621827411167513,98,345,0,345
service,productcatalogservice,788,468,0.5939086294416244,96,346,26,320
service,recommendationservice,788,442,0.5609137055837563,96,346,0,346
service,redis-cart,788,439,0.5571065989847716,90,0,349,349
service,shippingservice,788,441,0.5596446700507615,94,347,0,347
sli,error_ratio,4334,2951,0.6808952468850946,527,2424,0,1383
sli,latency,4334,1475,0.3403322565759114,527,0,948,2859
segment,seg_0000,242,242,1.0,242,0,0,0
segment,seg_0001,44,22,0.5,4,12,6,22
segment,seg_0002,132,60,0.45454545454545453,0,42,18,72
segment,seg_0003,44,20,0.45454545454545453,0,14,6,24
segment,seg_0004,902,398,0.44124168514412415,0,292,106,504
segment,seg_0005,110,52,0.4727272727272727,0,39,13,58
segment,seg_0006,704,317,0.4502840909090909,0,236,81,387
segment,seg_0007,132,57,0.4318181818181818,0,45,12,75
segment,seg_0008,1342,558,0.4157973174366617,0,417,141,784
segment,seg_0009,902,389,0.4312638580931264,0,292,97,513
segment,seg_0010,22,22,1.0,22,0,0,0
segment,seg_0011,242,242,1.0,242,0,0,0
segment,seg_0012,88,46,0.5227272727272727,18,17,11,42
segment,seg_0013,110,45,0.4090909090909091,0,30,15,65
segment,seg_0014,594,265,0.44612794612794615,0,186,79,329
segment,seg_0015,308,140,0.45454545454545453,0,98,42,168
segment,seg_0017,616,285,0.46266233766233766,0,195,90,331
segment,seg_0018,396,186,0.4696969696969697,0,122,64,210
segment,seg_0019,44,20,0.45454545454545453,0,14,6,24
segment,seg_0020,220,107,0.4863636363636364,0,70,37,113
segment,seg_0021,176,176,1.0,176,0,0,0
segment,seg_0023,330,192,0.5818181818181818,84,81,27,138
segment,seg_0024,154,154,1.0,154,0,0,0
segment,seg_0025,814,431,0.5294840294840295,112,222,97,383
event_date,2025-06-05,154,154,1.0,154,0,0,0
event_date,2025-06-06,418,240,0.5741626794258373,92,103,45,178
event_date,2025-06-07,528,226,0.42803030303030304,0,168,58,302
event_date,2025-06-08,506,232,0.45849802371541504,0,173,59,274
event_date,2025-06-09,506,231,0.45652173913043476,0,169,62,275
event_date,2025-06-10,528,226,0.42803030303030304,0,174,52,302
event_date,2025-06-11,528,215,0.4071969696969697,0,154,61,313
event_date,2025-06-12,506,211,0.41699604743083,0,163,48,295
event_date,2025-06-13,528,219,0.4147727272727273,0,165,54,309
event_date,2025-06-14,352,161,0.45738636363636365,0,120,41,191
event_date,2025-06-16,176,176,1.0,176,0,0,0
event_date,2025-06-17,528,286,0.5416666666666666,106,121,59,242
event_date,2025-06-18,528,238,0.45075757575757575,0,168,70,290
event_date,2025-06-19,528,240,0.45454545454545453,0,168,72,288
event_date,2025-06-20,528,251,0.4753787878787879,0,163,88,277
event_date,2025-06-21,352,167,0.4744318181818182,0,112,55,185
event_date,2025-06-23,176,176,1.0,176,0,0,0
event_date,2025-06-24,330,192,0.5818181818181818,84,81,27,138
event_date,2025-06-26,154,154,1.0,154,0,0,0
event_date,2025-06-27,528,301,0.5700757575757576,112,131,58,227
event_date,2025-06-28,286,130,0.45454545454545453,0,91,39,156
coverage_bucket,0_5_to_lt_0_75,562,242,0.4306049822064057,0,177,65,320
coverage_bucket,ge_0_75,7052,3130,0.4438457175269427,0,2247,883,3922
coverage_bucket,lt_0_5,1054,1054,1.0,1054,0,0,0
