evaluator_id,presented_order,blind_card_id,blinded_choice,confidence_1_to_5,post_reveal_decision,final_choice,completed
E01,1,blind-1bc92d7ebca4,C,4,unchanged,C,true
E01,2,blind-07f14037cc45,D,4,unchanged,D,true
E01,3,blind-69d3464ee26e,C,5,unchanged,C,true
E01,4,blind-fc0ada994239,A,5,unchanged,A,true
E01,5,blind-780be539dc04,D,4,changed_to_protocol,C,true
E01,6,blind-734488fabbc6,D,5,changed_to_protocol,B,true
E01,7,blind-399b8572d21f,A,4,unchanged,A,true
E01,8,blind-ea21a0d528f9,A,5,unchanged,A,true
E01,9,blind-0c65cb4c3be1,C,5,unchanged,C,true
E01,10,blind-f57afb26f36f,D,5,changed_to_protocol,B,true
E01,11,blind-1789dce26fb9,D,4,unchanged,D,true
E01,12,blind-3e8147536a6c,D,3,unchanged,D,true
E01,13,blind-94d35d68e17c,D,5,changed_to_protocol,B,true
E01,14,blind-98e45b9919e3,D,4,unchanged,D,true
E01,15,blind-c11728712162,C,4,unchanged,C,true
E01,16,blind-e344c8e383d8,A,3,unchanged,A,true
E01,17,blind-72b48a29958d,C,4,changed_to_protocol,A,true
E01,18,blind-85fb14af6399,D,4,unchanged,D,true
E01,19,blind-c1fbe43d06f2,D,3,unchanged,D,true
E01,20,blind-b93b03b73e67,D,3,unchanged,D,true
E01,21,blind-28c1ce42b4b1,D,5,changed_to_protocol,B,true
E01,22,blind-d0e9e3b8f015,D,5,changed_to_protocol,B,true
E01,23,blind-9ab2fb4b2522,D,4,unchanged,D,true
E01,24,blind-57de088a24f0,C,4,unchanged,C,true
E01,25,blind-6760aa6c75c5,D,5,changed_to_protocol,B,true
E01,26,blind-e40fe6354249,D,4,changed_to_protocol,C,true
E01,27,blind-bea5220313fc,D,5,changed_to_protocol,B,true
E01,28,blind-aa7ff0e7a228,D,4,changed_to_protocol,C,true
E01,29,blind-06d33e02111c,A,3,unchanged,A,true
E01,30,blind-320a5ec2ab8a,D,5,changed_to_protocol,B,true
E01,31,blind-c70abcac7521,A,5,unchanged,A,true
E01,32,blind-cb4a7d3c2e04,D,3,changed_to_protocol,A,true
E02,1,blind-98e45b9919e3,D,4,unchanged,D,true
E02,2,blind-320a5ec2ab8a,D,5,changed_to_protocol,B,true
E02,3,blind-0c65cb4c3be1,C,5,unchanged,C,true
E02,4,blind-1789dce26fb9,C,5,changed_to_protocol,D,true
E02,5,blind-6760aa6c75c5,D,5,changed_to_protocol,B,true
E02,6,blind-07f14037cc45,D,4,unchanged,D,true
E02,7,blind-e344c8e383d8,A,4,unchanged,A,true
E02,8,blind-e40fe6354249,D,4,changed_to_protocol,C,true
E02,9,blind-f57afb26f36f,D,5,changed_to_protocol,B,true
E02,10,blind-ea21a0d528f9,A,4,unchanged,A,true
E02,11,blind-399b8572d21f,A,4,unchanged,A,true
E02,12,blind-9ab2fb4b2522,C,3,changed_to_protocol,D,true
E02,13,blind-57de088a24f0,D,4,changed_to_protocol,C,true
E02,14,blind-c11728712162,C,4,unchanged,C,true
E02,15,blind-b93b03b73e67,C,3,changed_to_protocol,D,true
E02,16,blind-28c1ce42b4b1,D,5,changed_to_protocol,B,true
E02,17,blind-d0e9e3b8f015,D,5,changed_to_protocol,B,true
E02,18,blind-06d33e02111c,C,3,changed_to_protocol,A,true
E02,19,blind-94d35d68e17c,D,5,changed_to_protocol,B,true
E02,20,blind-72b48a29958d,C,5,changed_to_protocol,A,true
E02,21,blind-fc0ada994239,A,5,unchanged,A,true
E02,22,blind-c1fbe43d06f2,C,4,changed_to_protocol,D,true
E02,23,blind-69d3464ee26e,C,5,unchanged,C,true
E02,24,blind-734488fabbc6,D,5,changed_to_protocol,B,true
E02,25,blind-1bc92d7ebca4,D,4,changed_to_protocol,C,true
E02,26,blind-780be539dc04,D,4,changed_to_protocol,C,true
E02,27,blind-aa7ff0e7a228,D,4,changed_to_protocol,C,true
E02,28,blind-85fb14af6399,D,4,unchanged,D,true
E02,29,blind-3e8147536a6c,C,3,changed_to_protocol,D,true
E02,30,blind-bea5220313fc,D,5,changed_to_protocol,B,true
E02,31,blind-cb4a7d3c2e04,C,3,changed_to_protocol,A,true
E02,32,blind-c70abcac7521,A,4,unchanged,A,true
E03,1,blind-320a5ec2ab8a,B,5,unchanged,B,true
E03,2,blind-85fb14af6399,D,4,unchanged,D,true
E03,3,blind-c11728712162,C,5,unchanged,C,true
E03,4,blind-98e45b9919e3,D,5,unchanged,D,true
E03,5,blind-9ab2fb4b2522,A,5,changed_to_protocol,D,true
E03,6,blind-cb4a7d3c2e04,A,5,unchanged,A,true
E03,7,blind-fc0ada994239,A,5,unchanged,A,true
E03,8,blind-399b8572d21f,A,5,unchanged,A,true
E03,9,blind-780be539dc04,C,4,unchanged,C,true
E03,10,blind-e40fe6354249,C,5,unchanged,C,true
E03,11,blind-57de088a24f0,C,5,unchanged,C,true
E03,12,blind-1789dce26fb9,D,4,unchanged,D,true
E03,13,blind-f57afb26f36f,B,5,unchanged,B,true
E03,14,blind-94d35d68e17c,B,5,unchanged,B,true
E03,15,blind-b93b03b73e67,A,5,changed_to_protocol,D,true
E03,16,blind-07f14037cc45,D,5,unchanged,D,true
E03,17,blind-bea5220313fc,B,5,unchanged,B,true
E03,18,blind-06d33e02111c,A,5,unchanged,A,true
E03,19,blind-c1fbe43d06f2,A,5,changed_to_protocol,D,true
E03,20,blind-734488fabbc6,B,5,unchanged,B,true
E03,21,blind-69d3464ee26e,C,5,unchanged,C,true
E03,22,blind-aa7ff0e7a228,C,4,unchanged,C,true
E03,23,blind-c70abcac7521,A,5,unchanged,A,true
E03,24,blind-e344c8e383d8,A,5,unchanged,A,true
E03,25,blind-ea21a0d528f9,A,5,unchanged,A,true
E03,26,blind-72b48a29958d,A,5,unchanged,A,true
E03,27,blind-d0e9e3b8f015,B,5,unchanged,B,true
E03,28,blind-1bc92d7ebca4,C,5,unchanged,C,true
E03,29,blind-3e8147536a6c,A,5,changed_to_protocol,D,true
E03,30,blind-0c65cb4c3be1,C,5,unchanged,C,true
E03,31,blind-6760aa6c75c5,B,5,unchanged,B,true
E03,32,blind-28c1ce42b4b1,B,5,unchanged,B,true
