evaluator_id,blind_card_id,stage1_choice,protocol_choice,recorded_code,recorded_decision,final_choice,derived_transition,code_transition_consistent
E01,blind-1bc92d7ebca4,C,C,U,unchanged,C,unchanged,true
E01,blind-07f14037cc45,D,D,U,unchanged,D,unchanged,true
E01,blind-69d3464ee26e,C,C,U,unchanged,C,unchanged,true
E01,blind-fc0ada994239,A,A,U,unchanged,A,unchanged,true
E01,blind-780be539dc04,D,C,P,changed_to_protocol,C,changed_to_protocol,true
E01,blind-734488fabbc6,D,B,P,changed_to_protocol,B,changed_to_protocol,true
E01,blind-399b8572d21f,A,A,U,unchanged,A,unchanged,true
E01,blind-ea21a0d528f9,A,A,U,unchanged,A,unchanged,true
E01,blind-0c65cb4c3be1,C,C,U,unchanged,C,unchanged,true
E01,blind-f57afb26f36f,D,B,P,changed_to_protocol,B,changed_to_protocol,true
E01,blind-1789dce26fb9,D,D,U,unchanged,D,unchanged,true
E01,blind-3e8147536a6c,D,D,U,unchanged,D,unchanged,true
E01,blind-94d35d68e17c,D,B,P,changed_to_protocol,B,changed_to_protocol,true
E01,blind-98e45b9919e3,D,D,U,unchanged,D,unchanged,true
E01,blind-c11728712162,C,C,U,unchanged,C,unchanged,true
E01,blind-e344c8e383d8,A,A,U,unchanged,A,unchanged,true
E01,blind-72b48a29958d,C,A,P,changed_to_protocol,A,changed_to_protocol,true
E01,blind-85fb14af6399,D,D,U,unchanged,D,unchanged,true
E01,blind-c1fbe43d06f2,D,D,U,unchanged,D,unchanged,true
E01,blind-b93b03b73e67,D,D,U,unchanged,D,unchanged,true
E01,blind-28c1ce42b4b1,D,B,P,changed_to_protocol,B,changed_to_protocol,true
E01,blind-d0e9e3b8f015,D,B,P,changed_to_protocol,B,changed_to_protocol,true
E01,blind-9ab2fb4b2522,D,D,U,unchanged,D,unchanged,true
E01,blind-57de088a24f0,C,C,U,unchanged,C,unchanged,true
E01,blind-6760aa6c75c5,D,B,P,changed_to_protocol,B,changed_to_protocol,true
E01,blind-e40fe6354249,D,C,P,changed_to_protocol,C,changed_to_protocol,true
E01,blind-bea5220313fc,D,B,P,changed_to_protocol,B,changed_to_protocol,true
E01,blind-aa7ff0e7a228,D,C,P,changed_to_protocol,C,changed_to_protocol,true
E01,blind-06d33e02111c,A,A,U,unchanged,A,unchanged,true
E01,blind-320a5ec2ab8a,D,B,P,changed_to_protocol,B,changed_to_protocol,true
E01,blind-c70abcac7521,A,A,U,unchanged,A,unchanged,true
E01,blind-cb4a7d3c2e04,D,A,P,changed_to_protocol,A,changed_to_protocol,true
E02,blind-98e45b9919e3,D,D,U,unchanged,D,unchanged,true
E02,blind-320a5ec2ab8a,D,B,P,changed_to_protocol,B,changed_to_protocol,true
E02,blind-0c65cb4c3be1,C,C,U,unchanged,C,unchanged,true
E02,blind-1789dce26fb9,C,D,A,changed_away_from_protocol,D,changed_to_protocol,false
E02,blind-6760aa6c75c5,D,B,P,changed_to_protocol,B,changed_to_protocol,true
E02,blind-07f14037cc45,D,D,U,unchanged,D,unchanged,true
E02,blind-e344c8e383d8,A,A,U,unchanged,A,unchanged,true
E02,blind-e40fe6354249,D,C,P,changed_to_protocol,C,changed_to_protocol,true
E02,blind-f57afb26f36f,D,B,P,changed_to_protocol,B,changed_to_protocol,true
E02,blind-ea21a0d528f9,A,A,U,unchanged,A,unchanged,true
E02,blind-399b8572d21f,A,A,U,unchanged,A,unchanged,true
E02,blind-9ab2fb4b2522,C,D,P,changed_to_protocol,D,changed_to_protocol,true
E02,blind-57de088a24f0,D,C,P,changed_to_protocol,C,changed_to_protocol,true
E02,blind-c11728712162,C,C,U,unchanged,C,unchanged,true
E02,blind-b93b03b73e67,C,D,P,changed_to_protocol,D,changed_to_protocol,true
E02,blind-28c1ce42b4b1,D,B,P,changed_to_protocol,B,changed_to_protocol,true
E02,blind-d0e9e3b8f015,D,B,P,changed_to_protocol,B,changed_to_protocol,true
E02,blind-06d33e02111c,C,A,P,changed_to_protocol,A,changed_to_protocol,true
E02,blind-94d35d68e17c,D,B,P,changed_to_protocol,B,changed_to_protocol,true
E02,blind-72b48a29958d,C,A,P,changed_to_protocol,A,changed_to_protocol,true
E02,blind-fc0ada994239,A,A,U,unchanged,A,unchanged,true
E02,blind-c1fbe43d06f2,C,D,P,changed_to_protocol,D,changed_to_protocol,true
E02,blind-69d3464ee26e,C,C,U,unchanged,C,unchanged,true
E02,blind-734488fabbc6,D,B,P,changed_to_protocol,B,changed_to_protocol,true
E02,blind-1bc92d7ebca4,D,C,P,changed_to_protocol,C,changed_to_protocol,true
E02,blind-780be539dc04,D,C,P,changed_to_protocol,C,changed_to_protocol,true
E02,blind-aa7ff0e7a228,D,C,P,changed_to_protocol,C,changed_to_protocol,true
E02,blind-85fb14af6399,D,D,U,unchanged,D,unchanged,true
E02,blind-3e8147536a6c,C,D,P,changed_to_protocol,D,changed_to_protocol,true
E02,blind-bea5220313fc,D,B,P,changed_to_protocol,B,changed_to_protocol,true
E02,blind-cb4a7d3c2e04,C,A,P,changed_to_protocol,A,changed_to_protocol,true
E02,blind-c70abcac7521,A,A,U,unchanged,A,unchanged,true
E03,blind-320a5ec2ab8a,B,B,U,unchanged,B,unchanged,true
E03,blind-85fb14af6399,D,D,U,unchanged,D,unchanged,true
E03,blind-c11728712162,C,C,U,unchanged,C,unchanged,true
E03,blind-98e45b9919e3,D,D,U,unchanged,D,unchanged,true
E03,blind-9ab2fb4b2522,A,D,P,changed_to_protocol,D,changed_to_protocol,true
E03,blind-cb4a7d3c2e04,A,A,U,unchanged,A,unchanged,true
E03,blind-fc0ada994239,A,A,U,unchanged,A,unchanged,true
E03,blind-399b8572d21f,A,A,U,unchanged,A,unchanged,true
E03,blind-780be539dc04,C,C,U,unchanged,C,unchanged,true
E03,blind-e40fe6354249,C,C,U,unchanged,C,unchanged,true
E03,blind-57de088a24f0,C,C,U,unchanged,C,unchanged,true
E03,blind-1789dce26fb9,D,D,U,unchanged,D,unchanged,true
E03,blind-f57afb26f36f,B,B,U,unchanged,B,unchanged,true
E03,blind-94d35d68e17c,B,B,U,unchanged,B,unchanged,true
E03,blind-b93b03b73e67,A,D,P,changed_to_protocol,D,changed_to_protocol,true
E03,blind-07f14037cc45,D,D,U,unchanged,D,unchanged,true
E03,blind-bea5220313fc,B,B,U,unchanged,B,unchanged,true
E03,blind-06d33e02111c,A,A,U,unchanged,A,unchanged,true
E03,blind-c1fbe43d06f2,A,D,P,changed_to_protocol,D,changed_to_protocol,true
E03,blind-734488fabbc6,B,B,U,unchanged,B,unchanged,true
E03,blind-69d3464ee26e,C,C,U,unchanged,C,unchanged,true
E03,blind-aa7ff0e7a228,C,C,U,unchanged,C,unchanged,true
E03,blind-c70abcac7521,A,A,U,unchanged,A,unchanged,true
E03,blind-e344c8e383d8,A,A,U,unchanged,A,unchanged,true
E03,blind-ea21a0d528f9,A,A,U,unchanged,A,unchanged,true
E03,blind-72b48a29958d,A,A,U,unchanged,A,unchanged,true
E03,blind-d0e9e3b8f015,B,B,U,unchanged,B,unchanged,true
E03,blind-1bc92d7ebca4,C,C,U,unchanged,C,unchanged,true
E03,blind-3e8147536a6c,A,D,P,changed_to_protocol,D,changed_to_protocol,true
E03,blind-0c65cb4c3be1,C,C,U,unchanged,C,unchanged,true
E03,blind-6760aa6c75c5,B,B,U,unchanged,B,unchanged,true
E03,blind-28c1ce42b4b1,B,B,U,unchanged,B,unchanged,true
