blind_card_id,protocol_choice,protocol_route,difficulty,selection_subtype
blind-399b8572d21f,A,补充历史证据,obvious,insufficient_obvious_error_ratio
blind-72b48a29958d,A,补充历史证据,obvious,insufficient_obvious_error_ratio
blind-cb4a7d3c2e04,A,补充历史证据,boundary,insufficient_near_history_gate_error_ratio
blind-c70abcac7521,A,补充历史证据,obvious,insufficient_obvious_latency
blind-ea21a0d528f9,A,补充历史证据,obvious,insufficient_obvious_latency
blind-06d33e02111c,A,补充历史证据,boundary,insufficient_near_history_gate_latency
blind-e344c8e383d8,A,补充历史证据,boundary,insufficient_overlap_zero_baseline
blind-fc0ada994239,A,补充历史证据,boundary,insufficient_overlap_tail
blind-6760aa6c75c5,B,澄清测量方式或参考目标,obvious,threshold_unresolved_floor_active
blind-bea5220313fc,B,澄清测量方式或参考目标,obvious,threshold_unresolved_floor_active
blind-320a5ec2ab8a,B,澄清测量方式或参考目标,obvious,threshold_unresolved_floor_active
blind-28c1ce42b4b1,B,澄清测量方式或参考目标,obvious,threshold_unresolved_floor_active
blind-f57afb26f36f,B,澄清测量方式或参考目标,boundary,threshold_unresolved_zero_baseline_only
blind-734488fabbc6,B,澄清测量方式或参考目标,boundary,threshold_unresolved_zero_baseline_only
blind-d0e9e3b8f015,B,澄清测量方式或参考目标,boundary,threshold_unresolved_zero_baseline_only
blind-94d35d68e17c,B,澄清测量方式或参考目标,boundary,threshold_unresolved_zero_baseline_only
blind-c11728712162,C,进行上下文审查,obvious,context_obvious_tail
blind-0c65cb4c3be1,C,进行上下文审查,obvious,context_obvious_tail
blind-69d3464ee26e,C,进行上下文审查,obvious,context_obvious_tail
blind-780be539dc04,C,进行上下文审查,obvious,context_obvious_tail
blind-aa7ff0e7a228,C,进行上下文审查,boundary,context_near_tail_gate
blind-57de088a24f0,C,进行上下文审查,boundary,context_near_tail_gate
blind-1bc92d7ebca4,C,进行上下文审查,boundary,context_near_tail_gate
blind-e40fe6354249,C,进行上下文审查,boundary,context_near_tail_gate
blind-85fb14af6399,D,可提交目标所有者审查,obvious,stakeholder_obvious_error_ratio
blind-1789dce26fb9,D,可提交目标所有者审查,obvious,stakeholder_obvious_error_ratio
blind-98e45b9919e3,D,可提交目标所有者审查,obvious,stakeholder_obvious_latency
blind-07f14037cc45,D,可提交目标所有者审查,obvious,stakeholder_obvious_latency
blind-3e8147536a6c,D,可提交目标所有者审查,boundary,stakeholder_near_history_gate_error_ratio
blind-c1fbe43d06f2,D,可提交目标所有者审查,boundary,stakeholder_near_history_gate_error_ratio
blind-b93b03b73e67,D,可提交目标所有者审查,boundary,stakeholder_near_history_gate_latency
blind-9ab2fb4b2522,D,可提交目标所有者审查,boundary,stakeholder_near_history_gate_latency
