evaluator_id,presented_order,blind_card_id
E01,1,blind-1bc92d7ebca4
E01,2,blind-07f14037cc45
E01,3,blind-69d3464ee26e
E01,4,blind-fc0ada994239
E01,5,blind-780be539dc04
E01,6,blind-734488fabbc6
E01,7,blind-399b8572d21f
E01,8,blind-ea21a0d528f9
E01,9,blind-0c65cb4c3be1
E01,10,blind-f57afb26f36f
E01,11,blind-1789dce26fb9
E01,12,blind-3e8147536a6c
E01,13,blind-94d35d68e17c
E01,14,blind-98e45b9919e3
E01,15,blind-c11728712162
E01,16,blind-e344c8e383d8
E01,17,blind-72b48a29958d
E01,18,blind-85fb14af6399
E01,19,blind-c1fbe43d06f2
E01,20,blind-b93b03b73e67
E01,21,blind-28c1ce42b4b1
E01,22,blind-d0e9e3b8f015
E01,23,blind-9ab2fb4b2522
E01,24,blind-57de088a24f0
E01,25,blind-6760aa6c75c5
E01,26,blind-e40fe6354249
E01,27,blind-bea5220313fc
E01,28,blind-aa7ff0e7a228
E01,29,blind-06d33e02111c
E01,30,blind-320a5ec2ab8a
E01,31,blind-c70abcac7521
E01,32,blind-cb4a7d3c2e04
E02,1,blind-98e45b9919e3
E02,2,blind-320a5ec2ab8a
E02,3,blind-0c65cb4c3be1
E02,4,blind-1789dce26fb9
E02,5,blind-6760aa6c75c5
E02,6,blind-07f14037cc45
E02,7,blind-e344c8e383d8
E02,8,blind-e40fe6354249
E02,9,blind-f57afb26f36f
E02,10,blind-ea21a0d528f9
E02,11,blind-399b8572d21f
E02,12,blind-9ab2fb4b2522
E02,13,blind-57de088a24f0
E02,14,blind-c11728712162
E02,15,blind-b93b03b73e67
E02,16,blind-28c1ce42b4b1
E02,17,blind-d0e9e3b8f015
E02,18,blind-06d33e02111c
E02,19,blind-94d35d68e17c
E02,20,blind-72b48a29958d
E02,21,blind-fc0ada994239
E02,22,blind-c1fbe43d06f2
E02,23,blind-69d3464ee26e
E02,24,blind-734488fabbc6
E02,25,blind-1bc92d7ebca4
E02,26,blind-780be539dc04
E02,27,blind-aa7ff0e7a228
E02,28,blind-85fb14af6399
E02,29,blind-3e8147536a6c
E02,30,blind-bea5220313fc
E02,31,blind-cb4a7d3c2e04
E02,32,blind-c70abcac7521
E03,1,blind-320a5ec2ab8a
E03,2,blind-85fb14af6399
E03,3,blind-c11728712162
E03,4,blind-98e45b9919e3
E03,5,blind-9ab2fb4b2522
E03,6,blind-cb4a7d3c2e04
E03,7,blind-fc0ada994239
E03,8,blind-399b8572d21f
E03,9,blind-780be539dc04
E03,10,blind-e40fe6354249
E03,11,blind-57de088a24f0
E03,12,blind-1789dce26fb9
E03,13,blind-f57afb26f36f
E03,14,blind-94d35d68e17c
E03,15,blind-b93b03b73e67
E03,16,blind-07f14037cc45
E03,17,blind-bea5220313fc
E03,18,blind-06d33e02111c
E03,19,blind-c1fbe43d06f2
E03,20,blind-734488fabbc6
E03,21,blind-69d3464ee26e
E03,22,blind-aa7ff0e7a228
E03,23,blind-c70abcac7521
E03,24,blind-e344c8e383d8
E03,25,blind-ea21a0d528f9
E03,26,blind-72b48a29958d
E03,27,blind-d0e9e3b8f015
E03,28,blind-1bc92d7ebca4
E03,29,blind-3e8147536a6c
E03,30,blind-0c65cb4c3be1
E03,31,blind-6760aa6c75c5
E03,32,blind-28c1ce42b4b1
