reviewer_id,round2_card_id,threshold_plausibility,runtime_actionability,evidence_flag_correctness,governance_appropriateness,overall_revision_value,comments,parent_card_id,cohort,governance_status,governance_minus_threshold
rev_r2_01,r2-fb26623cf346afeb,4,5,5,5,4,,nfr-453a62169b4ea3e0,generalization,candidate_for_stakeholder_review,1
rev_r2_01,r2-b44583bf37f27f01,2,4,5,5,5,历史覆盖率过低（低于50%），样本不足以生成可靠阈值，要求收集更多数据是合理的。,nfr-87a861cc54188d2c,generalization,insufficient_evidence,3
rev_r2_01,r2-b2eafabac23d97dc,3,4,5,5,4,,nfr-a1d110d025a49685,generalization,needs_context_review,2
rev_r2_01,r2-f483b379ac6eaf5c,2,4,5,5,5,0错误率是SRE治理中的反模式，没有任何系统是100%可靠的，标记并要求外部上下文介入非常准确。,nfr-724726631bf0590e,remediation,threshold_unresolved,3
rev_r2_01,r2-28d0aebb2798f2e2,2,4,5,5,5,数据覆盖率极低且错误基线为0，双重不可靠，拒绝自动化操作是正确的治理选择。,nfr-153f204f94dd16b6,remediation,insufficient_evidence,3
rev_r2_01,r2-ff40025701afb3e7,2,4,5,5,5,基于底层精度下限生成的极低阈值在生产环境中容易导致误报风暴，要求相关方审查合适。,nfr-bf8235b78f259b8e,remediation,threshold_unresolved,3
rev_r2_01,r2-9f7e8f2dd23ab1d9,2,4,5,5,5,同上，0错误率与极低精度下限不应直接作为运行时NFR。,nfr-805affac031f0808,generalization,threshold_unresolved,3
rev_r2_01,r2-bba62bcfe1320677,4,5,5,5,4,,nfr-1c4576d32c126666,generalization,candidate_for_stakeholder_review,1
rev_r2_01,r2-c04c9d8e95695b3a,4,5,5,5,4,,nfr-ced34d71b3e729b7,generalization,candidate_for_stakeholder_review,1
rev_r2_01,r2-be66a25931289501,2,4,5,5,5,0错误率是SRE治理中的反模式，标记并要求外部上下文介入非常准确。,nfr-4c817208469b6568,remediation,threshold_unresolved,3
rev_r2_01,r2-ff12df176f886747,2,4,5,5,5,历史覆盖率低于50%，延迟数据不足以形成稳定的P95阈值。,nfr-3a00310e1b02912b,generalization,insufficient_evidence,3
rev_r2_01,r2-47a39e2c43a4db71,2,4,5,5,5,0错误率是SRE治理中的反模式，标记并要求外部上下文介入非常准确。,nfr-26ec38be17b7970d,remediation,threshold_unresolved,3
rev_r2_01,r2-b2b996a1a75d11f7,2,4,5,5,5,同上，0错误率需要被治理层拦截。,nfr-fe6f40dea144925f,remediation,threshold_unresolved,3
rev_r2_01,r2-3d158e9829ee7af3,2,4,5,5,5,同上，0错误率需要被治理层拦截。,nfr-1b233bc85d29c461,remediation,threshold_unresolved,3
rev_r2_01,r2-903565212f6370f7,3,5,5,5,5,长尾延迟比率过高（>40），说明系统存在明显的毛刺或异常工作负载，要求上下文审查正确。,nfr-25d7415646b57859,generalization,needs_context_review,2
rev_r2_01,r2-3c7b9633b5b813c4,2,4,5,5,5,0错误率是SRE治理中的反模式，标记并要求外部上下文介入非常准确。,nfr-b90d5d9d59261647,remediation,threshold_unresolved,3
rev_r2_01,r2-bd3aa91bed8785c1,4,5,5,5,4,,nfr-c8144655fb84c5ae,remediation,candidate_for_stakeholder_review,1
rev_r2_01,r2-7cdf547c027b7a8c,2,4,5,5,5,历史数据覆盖率不足30%，此时生成的阈值不具备统计学置信度。,nfr-e857d994607168bc,generalization,insufficient_evidence,3
rev_r2_01,r2-39020cc364686d8c,2,4,5,5,5,有效样本仅166个且覆盖率仅11%，要求继续收集数据是必须的。,nfr-ef1f960c8252d048,remediation,insufficient_evidence,3
rev_r2_01,r2-2094cc4612ffcc30,2,4,5,5,5,历史覆盖率过低，拦截部署并要求更多数据是标准做法。,nfr-6e576573ae2e0b45,remediation,insufficient_evidence,3
rev_r2_01,r2-db94e8c5c3c1e599,2,4,5,5,5,0错误率是SRE治理中的反模式，标记并要求外部上下文介入非常准确。,nfr-41e280772c541df7,generalization,threshold_unresolved,3
rev_r2_01,r2-b1ea55b0cfda39ee,4,5,5,5,4,,nfr-9b920e11d4ac63f8,generalization,candidate_for_stakeholder_review,1
rev_r2_01,r2-02cd547e6a97f143,2,4,5,5,5,基于底层精度下限拦截0错误阈值是避免误报的有效措施。,nfr-f7432ac9be2559f4,remediation,threshold_unresolved,3
rev_r2_01,r2-bf4f9dababe9c2bd,2,4,5,5,5,同上，0错误基线缺乏容错性。,nfr-43f4aa7bb7620e92,remediation,threshold_unresolved,3
rev_r2_01,r2-0af7849c2e97607f,2,4,5,5,5,同上，0错误基线缺乏容错性。,nfr-1b47d14699007ce8,remediation,threshold_unresolved,3
rev_r2_01,r2-ee42620dba968fc9,4,5,5,5,4,,nfr-ba48a96a843fd330,generalization,candidate_for_stakeholder_review,1
rev_r2_01,r2-434ce4fa6bd31609,2,4,5,5,5,0错误率是SRE治理中的反模式，没有任何系统是100%可靠的。,nfr-6eb4d8bb4dc244a6,remediation,threshold_unresolved,3
rev_r2_01,r2-dce24d9fa27f5de4,2,4,5,5,5,覆盖率低且尾部延迟比率异常，拦截自动操作化非常必要。,nfr-ddf7b6ee30b7d950,remediation,insufficient_evidence,3
rev_r2_01,r2-12e6ab2cab849033,2,4,5,5,5,仅53个有效样本，数据极度匮乏，状态判断为证据不足完全正确。,nfr-d22d09cbee36b109,generalization,insufficient_evidence,3
rev_r2_01,r2-6aaca3e2276f89e6,1,5,5,5,5,前端响应时间超过2000秒完全违背客观事实，数据受到严重污染。治理层成功通过长尾指标捕获异常，此处的治理价值极高。,nfr-1393f4bf33586bdf,generalization,needs_context_review,4
rev_r2_01,r2-38f4e83f2e334509,4,5,5,5,4,,nfr-66d4c3685d9ae027,generalization,candidate_for_stakeholder_review,1
rev_r2_01,r2-b43461087b6010a9,2,4,5,5,5,0错误率是SRE治理中的反模式。,nfr-b04451e3a66d9319,remediation,threshold_unresolved,3
rev_r2_01,r2-a2de23170102a2fa,2,4,5,5,5,尾部延迟比率达到51，数据呈现极端长尾特征，需要业务上下文确认。,nfr-299fce45d737ca3b,generalization,needs_context_review,3
rev_r2_01,r2-d9b6a7b61996959b,2,4,5,5,5,0错误率和基于精度底线的阈值不具备运行时可执行性。,nfr-0598853241ba4bcf,generalization,threshold_unresolved,3
rev_r2_01,r2-455720e36b128c4f,1,5,5,5,5,延迟P95达到1600秒级违背常规服务SLA预期，极端的尾部延迟比率标志（8444）准确触发了人工介入。,nfr-f9cb9bfed7a02181,generalization,needs_context_review,4
rev_r2_01,r2-5217640db44ee83e,2,4,5,5,5,覆盖率低于40%，置信度低，补充观测窗口的做法合理。,nfr-5e677dfba2074585,generalization,insufficient_evidence,3
rev_r2_01,r2-cd83d5a4c835896b,2,4,5,5,5,0错误率缺乏工程现实意义，拦截是必要的。,nfr-e670c15f0d1b0e0a,generalization,threshold_unresolved,3
rev_r2_01,r2-19d8d553d3a10287,2,4,5,5,5,同上。,nfr-eae3f45b742fa960,generalization,threshold_unresolved,3
rev_r2_01,r2-d705e21ea00a3960,2,4,5,5,5,历史覆盖率过低，无法反映真实周期性负载，退回收集阶段正确。,nfr-313ee0bffbeac0a1,remediation,insufficient_evidence,3
rev_r2_01,r2-2c9e7495d57d6a6f,2,4,5,5,5,0错误率拦截。,nfr-266402c6149d9710,remediation,threshold_unresolved,3
rev_r2_01,r2-2d98c7a5f0980e50,2,4,5,5,5,0错误率拦截。,nfr-e67e0d2c731534cf,remediation,threshold_unresolved,3
rev_r2_01,r2-543d83cc061086bc,2,4,5,5,5,长尾比率26，需要确认长尾流量到底是系统故障还是特定批处理任务。,nfr-6c396475c24699d2,generalization,needs_context_review,3
rev_r2_01,r2-9fed170f9a549081,2,4,5,5,5,低覆盖率与零错误的组合，阈值不可信。,nfr-a2e45e0ab12761db,generalization,insufficient_evidence,3
rev_r2_01,r2-23992df0934d69d5,2,4,5,5,5,样本少覆盖率低，证据不足的评估客观。,nfr-24aff90ec3cfab9d,remediation,insufficient_evidence,3
rev_r2_01,r2-8892888740ced04d,2,4,5,5,5,0错误率拦截。,nfr-7ab7e810f723c7c3,remediation,threshold_unresolved,3
rev_r2_01,r2-87753bfdb830a285,2,4,5,5,5,0错误率拦截。,nfr-1869ad8e634fd1e9,remediation,threshold_unresolved,3
rev_r2_01,r2-c5493e0797b43cdc,2,4,5,5,5,0错误率拦截。,nfr-3d8f67829747cdc5,generalization,threshold_unresolved,3
rev_r2_01,r2-17b1e022631f9a33,2,4,5,5,5,数据覆盖率低且为0错误，治理状态判定准确。,nfr-443a4d1c96f544e5,remediation,insufficient_evidence,3
rev_r2_02,r2-6aaca3e2276f89e6,1,4,5,5,5,延迟上界明显受极端尾部影响（tail ratio=3846.33），原始阈值作为候选起点的可信度较低；将其转入工作负载混合与尾部分布审查，而不是直接操作化，是正确的治理处置。,nfr-1393f4bf33586bdf,generalization,needs_context_review,4
rev_r2_02,r2-b2eafabac23d97dc,2,4,5,5,5,延迟上界明显受极端尾部影响（tail ratio=15.64），原始阈值作为候选起点的可信度较低；将其转入工作负载混合与尾部分布审查，而不是直接操作化，是正确的治理处置。,nfr-a1d110d025a49685,generalization,needs_context_review,3
rev_r2_02,r2-bf4f9dababe9c2bd,1,4,5,5,5,阈值来自零错误基线和稳健尺度下限，且源端测量分辨率未独立确认；该数值不能作为可操作候选起点。标记为 threshold_unresolved，并要求补充外部目标、测量分辨率或利益相关方输入，处置合理。,nfr-43f4aa7bb7620e92,remediation,threshold_unresolved,4
rev_r2_02,r2-f483b379ac6eaf5c,1,4,5,5,5,历史分位数与中位数均为零，原始阈值为0；在未确认计数粒度、最低可检测错误率和业务容忍度前，零阈值不宜直接作为候选起点。threshold_unresolved 状态及后续确认要求合理。,nfr-724726631bf0590e,remediation,threshold_unresolved,4
rev_r2_02,r2-b2b996a1a75d11f7,1,4,5,5,5,阈值来自零错误基线和稳健尺度下限，且源端测量分辨率未独立确认；该数值不能作为可操作候选起点。标记为 threshold_unresolved，并要求补充外部目标、测量分辨率或利益相关方输入，处置合理。,nfr-fe6f40dea144925f,remediation,threshold_unresolved,4
rev_r2_02,r2-be66a25931289501,1,4,5,5,5,阈值来自零错误基线和稳健尺度下限，且源端测量分辨率未独立确认；该数值不能作为可操作候选起点。标记为 threshold_unresolved，并要求补充外部目标、测量分辨率或利益相关方输入，处置合理。,nfr-4c817208469b6568,remediation,threshold_unresolved,4
rev_r2_02,r2-ff12df176f886747,3,4,5,5,5,仅有712个有效分钟、历史覆盖率49.4%，经验分位阈值对缺失时段和工作负载代表性较敏感，不宜直接操作化。证据不足标志和继续采集历史的建议准确。,nfr-3a00310e1b02912b,generalization,insufficient_evidence,2
rev_r2_02,r2-87753bfdb830a285,1,4,5,5,5,历史分位数与中位数均为零，原始阈值为0；在未确认计数粒度、最低可检测错误率和业务容忍度前，零阈值不宜直接作为候选起点。threshold_unresolved 状态及后续确认要求合理。,nfr-1869ad8e634fd1e9,remediation,threshold_unresolved,4
rev_r2_02,r2-9fed170f9a549081,1,4,5,4,5,历史覆盖率40.0%、有效样本576，低于最低证据门槛；同时存在零错误基线及尺度下限生成阈值。原始阈值不可作为候选起点。insufficient_evidence 状态正确，但补足历史后仍应再次检查测量分辨率与外部错误目标。,nfr-a2e45e0ab12761db,generalization,insufficient_evidence,3
rev_r2_02,r2-d705e21ea00a3960,2,4,5,5,5,仅有472个有效分钟、历史覆盖率32.8%，经验分位阈值对缺失时段和工作负载代表性较敏感，不宜直接操作化。证据不足标志和继续采集历史的建议准确。,nfr-313ee0bffbeac0a1,remediation,insufficient_evidence,3
rev_r2_02,r2-fb26623cf346afeb,4,4,5,5,5,历史覆盖率90.1%、有效样本1298，阈值与稳健中心/尺度关系未触发异常标志。作为候选起点较合理；治理层明确其尚未获得业务SLO批准，仅进入利益相关方评审，具备实际增量。,nfr-453a62169b4ea3e0,generalization,candidate_for_stakeholder_review,1
rev_r2_02,r2-c04c9d8e95695b3a,4,4,5,5,5,历史覆盖率95.4%、有效样本1374，阈值与稳健中心/尺度关系未触发异常标志。作为候选起点较合理；治理层明确其尚未获得业务SLO批准，仅进入利益相关方评审，具备实际增量。,nfr-ced34d71b3e729b7,generalization,candidate_for_stakeholder_review,1
rev_r2_02,r2-5217640db44ee83e,2,4,5,5,5,仅有550个有效分钟、历史覆盖率38.2%，经验分位阈值对缺失时段和工作负载代表性较敏感，不宜直接操作化。证据不足标志和继续采集历史的建议准确。,nfr-5e677dfba2074585,generalization,insufficient_evidence,3
rev_r2_02,r2-bd3aa91bed8785c1,3,3,3,4,4,覆盖率和有效样本恰好落在最低门槛（50%、720分钟）。允许进入“仅供利益相关方评审”尚可，但证据裕量为零，建议明确标注边界敏感性，并在批准前补充跨时段验证。,nfr-c8144655fb84c5ae,remediation,candidate_for_stakeholder_review,1
rev_r2_02,r2-434ce4fa6bd31609,1,4,5,5,5,历史分位数与中位数均为零，原始阈值为0；在未确认计数粒度、最低可检测错误率和业务容忍度前，零阈值不宜直接作为候选起点。threshold_unresolved 状态及后续确认要求合理。,nfr-6eb4d8bb4dc244a6,remediation,threshold_unresolved,4
rev_r2_02,r2-2d98c7a5f0980e50,1,4,5,5,5,阈值来自零错误基线和稳健尺度下限，且源端测量分辨率未独立确认；该数值不能作为可操作候选起点。标记为 threshold_unresolved，并要求补充外部目标、测量分辨率或利益相关方输入，处置合理。,nfr-e67e0d2c731534cf,remediation,threshold_unresolved,4
rev_r2_02,r2-02cd547e6a97f143,1,4,5,5,5,阈值来自零错误基线和稳健尺度下限，且源端测量分辨率未独立确认；该数值不能作为可操作候选起点。标记为 threshold_unresolved，并要求补充外部目标、测量分辨率或利益相关方输入，处置合理。,nfr-f7432ac9be2559f4,remediation,threshold_unresolved,4
rev_r2_02,r2-19d8d553d3a10287,1,4,5,5,5,历史分位数与中位数均为零，原始阈值为0；在未确认计数粒度、最低可检测错误率和业务容忍度前，零阈值不宜直接作为候选起点。threshold_unresolved 状态及后续确认要求合理。,nfr-eae3f45b742fa960,generalization,threshold_unresolved,4
rev_r2_02,r2-17b1e022631f9a33,1,4,5,4,5,历史覆盖率48.1%、有效样本693，低于最低证据门槛；同时存在零错误基线及尺度下限生成阈值。原始阈值不可作为候选起点。insufficient_evidence 状态正确，但补足历史后仍应再次检查测量分辨率与外部错误目标。,nfr-443a4d1c96f544e5,remediation,insufficient_evidence,3
rev_r2_02,r2-b44583bf37f27f01,2,4,5,5,5,仅有510个有效分钟、历史覆盖率35.4%，经验分位阈值对缺失时段和工作负载代表性较敏感，不宜直接操作化。证据不足标志和继续采集历史的建议准确。,nfr-87a861cc54188d2c,generalization,insufficient_evidence,3
rev_r2_02,r2-bba62bcfe1320677,3,3,3,4,4,经验95分位为0.00396354，但中位数和MAD均为0，且历史覆盖率仅63.2%；可作为讨论性起点，但应说明错误事件稀疏、分母规模与测量粒度。当前仅进入利益相关方评审而未赋予SLO效力，基本合理。,nfr-1c4576d32c126666,generalization,candidate_for_stakeholder_review,1
rev_r2_02,r2-23992df0934d69d5,2,4,5,5,5,仅有190个有效分钟、历史覆盖率13.2%，经验分位阈值对缺失时段和工作负载代表性较敏感，不宜直接操作化。证据不足标志和继续采集历史的建议准确。,nfr-24aff90ec3cfab9d,remediation,insufficient_evidence,3
rev_r2_02,r2-455720e36b128c4f,1,4,5,5,5,延迟上界明显受极端尾部影响（tail ratio=8444.74），原始阈值作为候选起点的可信度较低；将其转入工作负载混合与尾部分布审查，而不是直接操作化，是正确的治理处置。,nfr-f9cb9bfed7a02181,generalization,needs_context_review,4
rev_r2_02,r2-d9b6a7b61996959b,1,4,5,5,5,阈值来自零错误基线和稳健尺度下限，且源端测量分辨率未独立确认；该数值不能作为可操作候选起点。标记为 threshold_unresolved，并要求补充外部目标、测量分辨率或利益相关方输入，处置合理。,nfr-0598853241ba4bcf,generalization,threshold_unresolved,4
rev_r2_02,r2-47a39e2c43a4db71,1,4,5,5,5,阈值来自零错误基线和稳健尺度下限，且源端测量分辨率未独立确认；该数值不能作为可操作候选起点。标记为 threshold_unresolved，并要求补充外部目标、测量分辨率或利益相关方输入，处置合理。,nfr-26ec38be17b7970d,remediation,threshold_unresolved,4
rev_r2_02,r2-2c9e7495d57d6a6f,1,4,5,5,5,阈值来自零错误基线和稳健尺度下限，且源端测量分辨率未独立确认；该数值不能作为可操作候选起点。标记为 threshold_unresolved，并要求补充外部目标、测量分辨率或利益相关方输入，处置合理。,nfr-266402c6149d9710,remediation,threshold_unresolved,4
rev_r2_02,r2-db94e8c5c3c1e599,1,4,5,5,5,历史分位数与中位数均为零，原始阈值为0；在未确认计数粒度、最低可检测错误率和业务容忍度前，零阈值不宜直接作为候选起点。threshold_unresolved 状态及后续确认要求合理。,nfr-41e280772c541df7,generalization,threshold_unresolved,4
rev_r2_02,r2-dce24d9fa27f5de4,2,4,5,4,5,仅有310个有效分钟（覆盖率21.5%），且延迟尾部异常标志同时触发；当前阈值稳定性不足。优先补充历史是合理的，但后续还需单独审查工作负载混合与尾部分布。,nfr-ddf7b6ee30b7d950,remediation,insufficient_evidence,2
rev_r2_02,r2-12e6ab2cab849033,1,4,5,5,5,仅有53个有效分钟、历史覆盖率3.7%，经验分位阈值对缺失时段和工作负载代表性较敏感，不宜直接操作化。证据不足标志和继续采集历史的建议准确。,nfr-d22d09cbee36b109,generalization,insufficient_evidence,4
rev_r2_02,r2-3d158e9829ee7af3,1,4,5,5,5,历史分位数与中位数均为零，原始阈值为0；在未确认计数粒度、最低可检测错误率和业务容忍度前，零阈值不宜直接作为候选起点。threshold_unresolved 状态及后续确认要求合理。,nfr-1b233bc85d29c461,remediation,threshold_unresolved,4
rev_r2_02,r2-b43461087b6010a9,1,4,5,5,5,历史分位数与中位数均为零，原始阈值为0；在未确认计数粒度、最低可检测错误率和业务容忍度前，零阈值不宜直接作为候选起点。threshold_unresolved 状态及后续确认要求合理。,nfr-b04451e3a66d9319,remediation,threshold_unresolved,4
rev_r2_02,r2-ff40025701afb3e7,1,4,5,5,5,阈值来自零错误基线和稳健尺度下限，且源端测量分辨率未独立确认；该数值不能作为可操作候选起点。标记为 threshold_unresolved，并要求补充外部目标、测量分辨率或利益相关方输入，处置合理。,nfr-bf8235b78f259b8e,remediation,threshold_unresolved,4
rev_r2_02,r2-543d83cc061086bc,2,4,5,5,5,延迟上界明显受极端尾部影响（tail ratio=26.62），原始阈值作为候选起点的可信度较低；将其转入工作负载混合与尾部分布审查，而不是直接操作化，是正确的治理处置。,nfr-6c396475c24699d2,generalization,needs_context_review,3
rev_r2_02,r2-b1ea55b0cfda39ee,2,2,2,2,3,STATE_ERROR: latency_tail_ratio=9.997，与触发上下文审查的10几乎无实质差异，在未说明计算精度和边界容差时按硬截断直接进入普通利益相关方评审过于脆弱。建议状态改为 needs_context_review，先复核尾部分布、异常分钟和阈值计算精度。,nfr-9b920e11d4ac63f8,generalization,candidate_for_stakeholder_review,0
rev_r2_02,r2-8892888740ced04d,1,4,5,5,5,阈值来自零错误基线和稳健尺度下限，且源端测量分辨率未独立确认；该数值不能作为可操作候选起点。标记为 threshold_unresolved，并要求补充外部目标、测量分辨率或利益相关方输入，处置合理。,nfr-7ab7e810f723c7c3,remediation,threshold_unresolved,4
rev_r2_02,r2-903565212f6370f7,2,4,4,4,4,延迟上界相对稳健中心/尺度呈显著尾部异常（tail ratio=40.27），原始阈值不宜直接采用；needs_context_review 标志正确。历史覆盖率仅50.7%，虽刚超过硬门槛，仍建议在上下文审查中同时扩大观察窗口。,nfr-25d7415646b57859,generalization,needs_context_review,2
rev_r2_02,r2-a2de23170102a2fa,2,4,5,5,5,延迟上界明显受极端尾部影响（tail ratio=51.31），原始阈值作为候选起点的可信度较低；将其转入工作负载混合与尾部分布审查，而不是直接操作化，是正确的治理处置。,nfr-299fce45d737ca3b,generalization,needs_context_review,3
rev_r2_02,r2-38f4e83f2e334509,4,4,5,5,5,历史覆盖率95.9%、有效样本1381，阈值与稳健中心/尺度关系未触发异常标志。作为候选起点较合理；治理层明确其尚未获得业务SLO批准，仅进入利益相关方评审，具备实际增量。,nfr-66d4c3685d9ae027,generalization,candidate_for_stakeholder_review,1
rev_r2_02,r2-2094cc4612ffcc30,2,4,5,5,5,仅有447个有效分钟、历史覆盖率31.0%，经验分位阈值对缺失时段和工作负载代表性较敏感，不宜直接操作化。证据不足标志和继续采集历史的建议准确。,nfr-6e576573ae2e0b45,remediation,insufficient_evidence,3
rev_r2_02,r2-39020cc364686d8c,2,4,5,5,5,仅有166个有效分钟、历史覆盖率11.5%，经验分位阈值对缺失时段和工作负载代表性较敏感，不宜直接操作化。证据不足标志和继续采集历史的建议准确。,nfr-ef1f960c8252d048,remediation,insufficient_evidence,3
rev_r2_02,r2-7cdf547c027b7a8c,2,4,5,5,5,仅有370个有效分钟、历史覆盖率25.7%，经验分位阈值对缺失时段和工作负载代表性较敏感，不宜直接操作化。证据不足标志和继续采集历史的建议准确。,nfr-e857d994607168bc,generalization,insufficient_evidence,3
rev_r2_02,r2-ee42620dba968fc9,4,4,5,5,5,历史覆盖率91.3%、有效样本1315，阈值与稳健中心/尺度关系未触发异常标志。作为候选起点较合理；治理层明确其尚未获得业务SLO批准，仅进入利益相关方评审，具备实际增量。,nfr-ba48a96a843fd330,generalization,candidate_for_stakeholder_review,1
rev_r2_02,r2-3c7b9633b5b813c4,1,4,5,5,5,历史分位数与中位数均为零，原始阈值为0；在未确认计数粒度、最低可检测错误率和业务容忍度前，零阈值不宜直接作为候选起点。threshold_unresolved 状态及后续确认要求合理。,nfr-b90d5d9d59261647,remediation,threshold_unresolved,4
rev_r2_02,r2-c5493e0797b43cdc,1,4,5,5,5,历史分位数与中位数均为零，原始阈值为0；在未确认计数粒度、最低可检测错误率和业务容忍度前，零阈值不宜直接作为候选起点。threshold_unresolved 状态及后续确认要求合理。,nfr-3d8f67829747cdc5,generalization,threshold_unresolved,4
rev_r2_02,r2-28d0aebb2798f2e2,1,4,5,4,5,历史覆盖率16.1%、有效样本232，低于最低证据门槛；同时存在零错误基线。原始阈值不可作为候选起点。insufficient_evidence 状态正确，但补足历史后仍应再次检查测量分辨率与外部错误目标。,nfr-153f204f94dd16b6,remediation,insufficient_evidence,3
rev_r2_02,r2-cd83d5a4c835896b,1,4,5,5,5,历史分位数与中位数均为零，原始阈值为0；在未确认计数粒度、最低可检测错误率和业务容忍度前，零阈值不宜直接作为候选起点。threshold_unresolved 状态及后续确认要求合理。,nfr-e670c15f0d1b0e0a,generalization,threshold_unresolved,4
rev_r2_02,r2-0af7849c2e97607f,1,4,5,5,5,阈值来自零错误基线和稳健尺度下限，且源端测量分辨率未独立确认；该数值不能作为可操作候选起点。标记为 threshold_unresolved，并要求补充外部目标、测量分辨率或利益相关方输入，处置合理。,nfr-1b47d14699007ce8,remediation,threshold_unresolved,4
rev_r2_02,r2-9f7e8f2dd23ab1d9,1,4,5,5,5,阈值来自零错误基线和稳健尺度下限，且源端测量分辨率未独立确认；该数值不能作为可操作候选起点。标记为 threshold_unresolved，并要求补充外部目标、测量分辨率或利益相关方输入，处置合理。,nfr-805affac031f0808,generalization,threshold_unresolved,4
rev_r2_03,r2-cd83d5a4c835896b,1,1,5,4,4,零阈值在真实生产场景中无法作为可操作SLO，任何非零错误都会触发告警；治理层准确识别zero_error_baseline，建议业务方明确可接受容差。,nfr-e670c15f0d1b0e0a,generalization,threshold_unresolved,3
rev_r2_03,r2-5217640db44ee83e,3,3,5,5,4,历史覆盖仅38%，有效样本550，证据不足以支撑运行化；治理层建议收集更多历史数据合理，阈值本身有统计基础但置信度不足。,nfr-5e677dfba2074585,generalization,insufficient_evidence,2
rev_r2_03,r2-3c7b9633b5b813c4,1,1,5,4,4,同为零阈值error_ratio，无法作为候选SLO起点；治理层零基线标志准确，推荐动作恰当，但阈值不可直接运行时使用。,nfr-b90d5d9d59261647,remediation,threshold_unresolved,3
rev_r2_03,r2-9f7e8f2dd23ab1d9,2,2,5,4,4,阈值为robust_scale_floor（3e-06），虽略高于0但接近测量精度下限，缺乏业务语义；治理层正确标记threshold_from_robust_scale_floor和zero_error_baseline。,nfr-805affac031f0808,generalization,threshold_unresolved,2
rev_r2_03,r2-b43461087b6010a9,1,1,5,4,4,零阈值不可操作，治理状态准确识别问题，但运行时可处置性几乎为零。,nfr-b04451e3a66d9319,remediation,threshold_unresolved,3
rev_r2_03,r2-bba62bcfe1320677,4,4,5,5,4,非零误差阈值（0.00396）具有统计基础，历史覆盖良好，可作为候选阈值提交利益相关方评审；治理建议continue_to_stakeholder_review合理。,nfr-1c4576d32c126666,generalization,candidate_for_stakeholder_review,1
rev_r2_03,r2-ee42620dba968fc9,4,4,5,5,4,延迟阈值（2276ms）基于充分历史数据，尾部比2.88属正常范围，候选阈值可信；治理层建议stakeholder review妥当。,nfr-ba48a96a843fd330,generalization,candidate_for_stakeholder_review,1
rev_r2_03,r2-c04c9d8e95695b3a,4,4,5,5,4,shipping服务延迟阈值1289ms，历史覆盖95%，尾部比2.17，阈值合理，治理状态candidate准确。,nfr-ced34d71b3e729b7,generalization,candidate_for_stakeholder_review,1
rev_r2_03,r2-a2de23170102a2fa,3,3,5,5,5,延迟尾部比达51.3，阈值受极端值严重驱动，直接运行时使用可能导致误报；治理层needs_context_review非常恰当，增量价值高。,nfr-299fce45d737ca3b,generalization,needs_context_review,2
rev_r2_03,r2-2c9e7495d57d6a6f,2,2,5,4,4,阈值为3e-06（robust_scale_floor），虽非零但可操作性受限；治理标志准确。,nfr-266402c6149d9710,remediation,threshold_unresolved,2
rev_r2_03,r2-db94e8c5c3c1e599,1,1,5,4,4,零阈值error_ratio，不可作为候选，治理层识别问题但阈值本身无实用价值。,nfr-41e280772c541df7,generalization,threshold_unresolved,3
rev_r2_03,r2-b2eafabac23d97dc,3,3,5,5,5,尾部比15.6，阈值偏高，需要检查workload mix；治理层needs_context_review正确，增量信息显著。,nfr-a1d110d025a49685,generalization,needs_context_review,2
rev_r2_03,r2-d705e21ea00a3960,3,3,5,5,4,有效样本472，历史覆盖33%，证据不足；阈值0.00415本身不极端，但治理层建议收集更多历史合理。,nfr-313ee0bffbeac0a1,remediation,insufficient_evidence,2
rev_r2_03,r2-47a39e2c43a4db71,2,2,5,4,4,阈值3e-06来自robust_scale_floor，缺乏业务目标支撑；治理标志准确。,nfr-26ec38be17b7970d,remediation,threshold_unresolved,2
rev_r2_03,r2-17b1e022631f9a33,2,2,5,5,4,历史覆盖48%接近阈值，有效样本693，且阈值为robust_scale_floor；治理层insufficient_evidence判断合理。,nfr-443a4d1c96f544e5,remediation,insufficient_evidence,3
rev_r2_03,r2-6aaca3e2276f89e6,3,3,5,5,5,前端延迟阈值高达217万ms，尾部比3846，极度异常，必须上下文审查；治理层needs_context_review非常必要，增量价值高。,nfr-1393f4bf33586bdf,generalization,needs_context_review,2
rev_r2_03,r2-c5493e0797b43cdc,1,1,5,4,4,零阈值不可操作，治理状态准确但阈值无业务语义。,nfr-3d8f67829747cdc5,generalization,threshold_unresolved,3
rev_r2_03,r2-8892888740ced04d,2,2,5,4,4,阈值3e-06接近测量下限，虽有55%覆盖率但仍需业务确认；治理标志准确。,nfr-7ab7e810f723c7c3,remediation,threshold_unresolved,2
rev_r2_03,r2-434ce4fa6bd31609,1,1,5,4,4,零阈值error_ratio，不可用作SLO起点。,nfr-6eb4d8bb4dc244a6,remediation,threshold_unresolved,3
rev_r2_03,r2-38f4e83f2e334509,4,4,5,5,4,currency服务延迟阈值1286ms，尾部比2.10，历史覆盖96%，候选阈值可信，治理建议stakeholder review合理。,nfr-66d4c3685d9ae027,generalization,candidate_for_stakeholder_review,1
rev_r2_03,r2-b44583bf37f27f01,3,3,5,5,4,有效样本510，覆盖率35%，阈值0.065本身有数值意义，但历史不足；治理层建议收集更多数据正确。,nfr-87a861cc54188d2c,generalization,insufficient_evidence,2
rev_r2_03,r2-02cd547e6a97f143,2,2,5,4,4,阈值3e-06缺乏业务语义，zero_error_baseline标志准确，运行时可操作性低。,nfr-f7432ac9be2559f4,remediation,threshold_unresolved,2
rev_r2_03,r2-ff40025701afb3e7,2,2,5,4,4,阈值来自robust_scale_floor，接近测量下限，治理标志准确但阈值不可直接使用。,nfr-bf8235b78f259b8e,remediation,threshold_unresolved,2
rev_r2_03,r2-12e6ab2cab849033,3,3,5,5,4,有效样本仅53，历史覆盖率3.7%，阈值0.0091虽非零但证据严重不足；治理层insufficient_evidence判断正确。,nfr-d22d09cbee36b109,generalization,insufficient_evidence,2
rev_r2_03,r2-903565212f6370f7,3,3,5,5,5,尾部比40.3，阈值受极端值影响大，治理层needs_context_review非常恰当，尽管覆盖率刚过50%。,nfr-25d7415646b57859,generalization,needs_context_review,2
rev_r2_03,r2-d9b6a7b61996959b,2,2,5,4,4,阈值3e-06来自robust_scale_floor，缺乏业务确认，治理标志准确。,nfr-0598853241ba4bcf,generalization,threshold_unresolved,2
rev_r2_03,r2-39020cc364686d8c,3,3,5,5,4,有效样本166，覆盖率11.5%，阈值13592ms有数值但证据不足；治理层建议收集更多历史合理。,nfr-ef1f960c8252d048,remediation,insufficient_evidence,2
rev_r2_03,r2-bf4f9dababe9c2bd,2,2,5,4,4,阈值3e-06接近测量下限，治理标志准确，运行时可处置性受限。,nfr-43f4aa7bb7620e92,remediation,threshold_unresolved,2
rev_r2_03,r2-7cdf547c027b7a8c,3,3,5,5,4,有效样本370，覆盖率25.7%，阈值0.00408有一定意义但历史不足；治理层判断insufficient_evidence正确。,nfr-e857d994607168bc,generalization,insufficient_evidence,2
rev_r2_03,r2-b1ea55b0cfda39ee,4,4,5,5,4,尾部比9.997（<10），无触发needs_context_review，候选阈值合理；治理层candidate状态准确。,nfr-9b920e11d4ac63f8,generalization,candidate_for_stakeholder_review,1
rev_r2_03,r2-ff12df176f886747,3,3,5,5,4,覆盖率49.4%，有效样本712，略低于阈值，阈值1294ms合理但证据不足；治理层建议收集更多历史正确。,nfr-3a00310e1b02912b,generalization,insufficient_evidence,2
rev_r2_03,r2-f483b379ac6eaf5c,1,1,5,4,4,零阈值不可操作，治理层正确识别zero_error_baseline。,nfr-724726631bf0590e,remediation,threshold_unresolved,3
rev_r2_03,r2-23992df0934d69d5,3,3,5,5,4,有效样本190，覆盖率13%，阈值0.013有数值但历史严重不足；治理层insufficient_evidence正确。,nfr-24aff90ec3cfab9d,remediation,insufficient_evidence,2
rev_r2_03,r2-0af7849c2e97607f,2,2,5,4,4,阈值3e-06缺乏业务语义，治理标志准确，运行时可操作性低。,nfr-1b47d14699007ce8,remediation,threshold_unresolved,2
rev_r2_03,r2-87753bfdb830a285,1,1,5,4,4,零阈值不可操作，治理准确识别问题。,nfr-1869ad8e634fd1e9,remediation,threshold_unresolved,3
rev_r2_03,r2-2d98c7a5f0980e50,2,2,5,4,4,阈值3e-06接近测量下限，治理标志准确。,nfr-e67e0d2c731534cf,remediation,threshold_unresolved,2
rev_r2_03,r2-3d158e9829ee7af3,1,1,5,4,4,零阈值不可作为候选SLO起点。,nfr-1b233bc85d29c461,remediation,threshold_unresolved,3
rev_r2_03,r2-be66a25931289501,2,2,5,4,4,阈值3e-06缺乏业务语义，治理层正确标记zero_error_baseline和threshold_from_robust_scale_floor。,nfr-4c817208469b6568,remediation,threshold_unresolved,2
rev_r2_03,r2-543d83cc061086bc,3,3,5,5,5,尾部比26.6，阈值受极端值驱动，治理层needs_context_review非常必要，增量价值显著。,nfr-6c396475c24699d2,generalization,needs_context_review,2
rev_r2_03,r2-28d0aebb2798f2e2,1,1,5,5,4,有效样本232，覆盖率16%，且阈值为0，双重不可用；治理层insufficient_evidence和zero_error_baseline均准确。,nfr-153f204f94dd16b6,remediation,insufficient_evidence,4
rev_r2_03,r2-b2b996a1a75d11f7,2,2,5,4,4,阈值3e-06来自robust_scale_floor，缺乏业务确认，运行时可操作性低。,nfr-fe6f40dea144925f,remediation,threshold_unresolved,2
rev_r2_03,r2-2094cc4612ffcc30,3,3,5,5,4,有效样本447，覆盖率31%，阈值0.0176有一定意义但历史不足；治理层insufficient_evidence正确。,nfr-6e576573ae2e0b45,remediation,insufficient_evidence,2
rev_r2_03,r2-455720e36b128c4f,3,3,5,5,5,尾部比8444，阈值极端异常，必须上下文审查；治理层needs_context_review增量价值很高。,nfr-f9cb9bfed7a02181,generalization,needs_context_review,2
rev_r2_03,r2-19d8d553d3a10287,1,1,5,4,4,零阈值不可操作，治理层正确识别zero_error_baseline。,nfr-eae3f45b742fa960,generalization,threshold_unresolved,3
rev_r2_03,r2-dce24d9fa27f5de4,2,2,5,5,5,有效样本310，覆盖率21.5%，且尾部比11.08，数据和阈值均不可靠；治理层insufficient_evidence和latency_tail_ratio_flag双重准确，增量价值高。,nfr-ddf7b6ee30b7d950,remediation,insufficient_evidence,3
rev_r2_03,r2-9fed170f9a549081,2,2,5,5,4,有效样本576，覆盖率40%，且阈值为3e-06接近测量下限；治理层insufficient_evidence和threshold_from_robust_scale_floor判断准确。,nfr-a2e45e0ab12761db,generalization,insufficient_evidence,3
rev_r2_03,r2-bd3aa91bed8785c1,4,4,5,5,4,覆盖率50%，尾部比2.14，阈值9170ms合理；治理层candidate状态准确，需业务确认。,nfr-c8144655fb84c5ae,remediation,candidate_for_stakeholder_review,1
rev_r2_03,r2-fb26623cf346afeb,4,4,5,5,4,adservice延迟阈值5064ms，历史覆盖90%，尾部比2.33，阈值合理；治理层candidate_for_stakeholder_review恰当。,nfr-453a62169b4ea3e0,generalization,candidate_for_stakeholder_review,1
