round2_card_id,parent_card_id,cohort,governance_status,threshold_plausibility_median,governance_appropriateness_median,governance_minus_threshold_median
r2-02cd547e6a97f143,nfr-f7432ac9be2559f4,remediation,threshold_unresolved,2.0,5.0,3.0
r2-0af7849c2e97607f,nfr-1b47d14699007ce8,remediation,threshold_unresolved,2.0,5.0,3.0
r2-12e6ab2cab849033,nfr-d22d09cbee36b109,generalization,insufficient_evidence,2.0,5.0,3.0
r2-17b1e022631f9a33,nfr-443a4d1c96f544e5,remediation,insufficient_evidence,2.0,5.0,3.0
r2-19d8d553d3a10287,nfr-eae3f45b742fa960,generalization,threshold_unresolved,1.0,5.0,4.0
r2-2094cc4612ffcc30,nfr-6e576573ae2e0b45,remediation,insufficient_evidence,2.0,5.0,3.0
r2-23992df0934d69d5,nfr-24aff90ec3cfab9d,remediation,insufficient_evidence,2.0,5.0,3.0
r2-28d0aebb2798f2e2,nfr-153f204f94dd16b6,remediation,insufficient_evidence,1.0,5.0,4.0
r2-2c9e7495d57d6a6f,nfr-266402c6149d9710,remediation,threshold_unresolved,2.0,5.0,3.0
r2-2d98c7a5f0980e50,nfr-e67e0d2c731534cf,remediation,threshold_unresolved,2.0,5.0,3.0
r2-38f4e83f2e334509,nfr-66d4c3685d9ae027,generalization,candidate_for_stakeholder_review,4.0,5.0,1.0
r2-39020cc364686d8c,nfr-ef1f960c8252d048,remediation,insufficient_evidence,2.0,5.0,3.0
r2-3c7b9633b5b813c4,nfr-b90d5d9d59261647,remediation,threshold_unresolved,1.0,5.0,4.0
r2-3d158e9829ee7af3,nfr-1b233bc85d29c461,remediation,threshold_unresolved,1.0,5.0,4.0
r2-434ce4fa6bd31609,nfr-6eb4d8bb4dc244a6,remediation,threshold_unresolved,1.0,5.0,4.0
r2-455720e36b128c4f,nfr-f9cb9bfed7a02181,generalization,needs_context_review,1.0,5.0,4.0
r2-47a39e2c43a4db71,nfr-26ec38be17b7970d,remediation,threshold_unresolved,2.0,5.0,3.0
r2-5217640db44ee83e,nfr-5e677dfba2074585,generalization,insufficient_evidence,2.0,5.0,3.0
r2-543d83cc061086bc,nfr-6c396475c24699d2,generalization,needs_context_review,2.0,5.0,3.0
r2-6aaca3e2276f89e6,nfr-1393f4bf33586bdf,generalization,needs_context_review,1.0,5.0,4.0
r2-7cdf547c027b7a8c,nfr-e857d994607168bc,generalization,insufficient_evidence,2.0,5.0,3.0
r2-87753bfdb830a285,nfr-1869ad8e634fd1e9,remediation,threshold_unresolved,1.0,5.0,4.0
r2-8892888740ced04d,nfr-7ab7e810f723c7c3,remediation,threshold_unresolved,2.0,5.0,3.0
r2-903565212f6370f7,nfr-25d7415646b57859,generalization,needs_context_review,3.0,5.0,2.0
r2-9f7e8f2dd23ab1d9,nfr-805affac031f0808,generalization,threshold_unresolved,2.0,5.0,3.0
r2-9fed170f9a549081,nfr-a2e45e0ab12761db,generalization,insufficient_evidence,2.0,5.0,3.0
r2-a2de23170102a2fa,nfr-299fce45d737ca3b,generalization,needs_context_review,2.0,5.0,3.0
r2-b1ea55b0cfda39ee,nfr-9b920e11d4ac63f8,generalization,candidate_for_stakeholder_review,4.0,5.0,1.0
r2-b2b996a1a75d11f7,nfr-fe6f40dea144925f,remediation,threshold_unresolved,2.0,5.0,3.0
r2-b2eafabac23d97dc,nfr-a1d110d025a49685,generalization,needs_context_review,3.0,5.0,2.0
r2-b43461087b6010a9,nfr-b04451e3a66d9319,remediation,threshold_unresolved,1.0,5.0,4.0
r2-b44583bf37f27f01,nfr-87a861cc54188d2c,generalization,insufficient_evidence,2.0,5.0,3.0
r2-bba62bcfe1320677,nfr-1c4576d32c126666,generalization,candidate_for_stakeholder_review,4.0,5.0,1.0
r2-bd3aa91bed8785c1,nfr-c8144655fb84c5ae,remediation,candidate_for_stakeholder_review,4.0,5.0,1.0
r2-be66a25931289501,nfr-4c817208469b6568,remediation,threshold_unresolved,2.0,5.0,3.0
r2-bf4f9dababe9c2bd,nfr-43f4aa7bb7620e92,remediation,threshold_unresolved,2.0,5.0,3.0
r2-c04c9d8e95695b3a,nfr-ced34d71b3e729b7,generalization,candidate_for_stakeholder_review,4.0,5.0,1.0
r2-c5493e0797b43cdc,nfr-3d8f67829747cdc5,generalization,threshold_unresolved,1.0,5.0,4.0
r2-cd83d5a4c835896b,nfr-e670c15f0d1b0e0a,generalization,threshold_unresolved,1.0,5.0,4.0
r2-d705e21ea00a3960,nfr-313ee0bffbeac0a1,remediation,insufficient_evidence,2.0,5.0,3.0
r2-d9b6a7b61996959b,nfr-0598853241ba4bcf,generalization,threshold_unresolved,2.0,5.0,3.0
r2-db94e8c5c3c1e599,nfr-41e280772c541df7,generalization,threshold_unresolved,1.0,5.0,4.0
r2-dce24d9fa27f5de4,nfr-ddf7b6ee30b7d950,remediation,insufficient_evidence,2.0,5.0,3.0
r2-ee42620dba968fc9,nfr-ba48a96a843fd330,generalization,candidate_for_stakeholder_review,4.0,5.0,1.0
r2-f483b379ac6eaf5c,nfr-724726631bf0590e,remediation,threshold_unresolved,1.0,5.0,4.0
r2-fb26623cf346afeb,nfr-453a62169b4ea3e0,generalization,candidate_for_stakeholder_review,4.0,5.0,1.0
r2-ff12df176f886747,nfr-3a00310e1b02912b,generalization,insufficient_evidence,3.0,5.0,2.0
r2-ff40025701afb3e7,nfr-bf8235b78f259b8e,remediation,threshold_unresolved,2.0,5.0,3.0
