source,sha256,rows,error_missing,timeout_missing
tenant_ccf_all_seg_0000/_staging/metrics/app/adservice.csv,76d7fc375034a5332a6dcd5afc7c02469f24e49d665587ae59c7a9255f61fbb7,724,0,0
tenant_ccf_all_seg_0000/_staging/metrics/app/cartservice.csv,1dfba6df7c4f47033667a6039eaa221edf7f72d299e6bd04566041a985d068b1,706,0,0
tenant_ccf_all_seg_0000/_staging/metrics/app/checkoutservice.csv,13a2ff97aa256c44b329e89859d1b8675a7b9eeebe3c7f7f08bb6e454a11d269,724,0,0
tenant_ccf_all_seg_0000/_staging/metrics/app/currencyservice.csv,4911aba091d4312834d055fc55a4ed87ada178a1b798a8a3e2908221e27893a9,724,0,0
tenant_ccf_all_seg_0000/_staging/metrics/app/emailservice.csv,a8711cecd47e7f99b0f018b04b796f47ceb7dc634e5cccc7e892626a3d79c200,682,0,0
tenant_ccf_all_seg_0000/_staging/metrics/app/frontend.csv,875eb1b1dae7500074df33a41827edbbec12203fea08ba8af0d5beb711ec0b25,724,0,0
tenant_ccf_all_seg_0000/_staging/metrics/app/paymentservice.csv,3cd375965a4cd2d104bfaf754af064d27b10386f172852f6d35182f59a768d44,705,0,0
tenant_ccf_all_seg_0000/_staging/metrics/app/productcatalogservice.csv,fa1d607a4f636a49a020a7f077dd93378f5b15c615d43b60dc394190212a279d,724,0,0
tenant_ccf_all_seg_0000/_staging/metrics/app/recommendationservice.csv,1e3e11ae518a53b7b1d1383c357ad1d735f72f3c1c4e38cb1170257b61a864f3,706,0,0
tenant_ccf_all_seg_0000/_staging/metrics/app/redis-cart.csv,99e9e094cebf9a8dc1ed532d44abe349ce9b20f1f3104881f352748c95b313d1,706,0,0
tenant_ccf_all_seg_0000/_staging/metrics/app/shippingservice.csv,00b04d126208a6e47e6a65208f082c272a5cc8c7fac2dc591bac7e3f0dd137f4,706,0,0
tenant_ccf_all_seg_0001/_staging/metrics/app/adservice.csv,5e43500854740e00f207635d499bb09e057ba7179200852b6b278820da302439,904,0,0
tenant_ccf_all_seg_0001/_staging/metrics/app/cartservice.csv,1ac5a2bf48db8cdc94e6e1b3441c72fb22ebe2a6dcc2b890bf1f3fc503dcbd34,886,0,0
tenant_ccf_all_seg_0001/_staging/metrics/app/checkoutservice.csv,7c636b1c6dc3339fab5a1105210b6ffbb02de2a6af578b8f4f899f98301bcaef,904,0,0
tenant_ccf_all_seg_0001/_staging/metrics/app/currencyservice.csv,71e56bd7246bd4054495dc179572bdb26493d34e557430a0826264dfc52c827f,904,0,0
tenant_ccf_all_seg_0001/_staging/metrics/app/emailservice.csv,ff0de9334d102aaca808ad2daf1d32487badefa25f6385b5027435d2d815cd23,862,0,0
tenant_ccf_all_seg_0001/_staging/metrics/app/frontend.csv,ad8c23f5038aece7278a302fe029735eb3945d13557862df4be29f037e4ecb46,904,0,0
tenant_ccf_all_seg_0001/_staging/metrics/app/paymentservice.csv,65be88c35ba1da7c3acb68c985050ca8bbd0aca1addaf1659486a691030ed0c7,885,0,0
tenant_ccf_all_seg_0001/_staging/metrics/app/productcatalogservice.csv,796e2121d897afc01b91fa91d60fb77066f68d7dd346f8bd2a6547206a9f9f52,900,0,0
tenant_ccf_all_seg_0001/_staging/metrics/app/recommendationservice.csv,4b83e2a1b1bff69fc159cb72e173f6328797f34d1a647c3434882680f6929c0d,886,0,0
tenant_ccf_all_seg_0001/_staging/metrics/app/redis-cart.csv,12ed1c4b877a95af91a234a4cf23227ce7699cb48885418726e82d981306bbd7,886,0,0
tenant_ccf_all_seg_0001/_staging/metrics/app/shippingservice.csv,d0415de25240b2fa7b36611e8507361b3dd8f6bd05ac82ad62fb943d93adcfbb,886,0,0
tenant_ccf_all_seg_0002/_staging/metrics/app/adservice.csv,7bd04a095e3747929972377cdee466fc91594cb275f76c5ce034b8abe980c1b0,1264,0,0
tenant_ccf_all_seg_0002/_staging/metrics/app/cartservice.csv,f99d84221bc599be76cd1d1e306baaf25991247b12a528dde85af8bac7e155c1,1246,0,0
tenant_ccf_all_seg_0002/_staging/metrics/app/checkoutservice.csv,fbc7729834d8e458a1cc1131ed413ac63a8e76e5ff8db118eacf3459fb9751aa,1264,0,0
tenant_ccf_all_seg_0002/_staging/metrics/app/currencyservice.csv,78c3c95af120c11b4f39d650d2fb2b5ba854ba9bb742252286176751dcfc7aff,1264,0,0
tenant_ccf_all_seg_0002/_staging/metrics/app/emailservice.csv,4346f23274561898e09507fbf7f44a5c8997deddc71bd3f87b3c39a922899e8c,1213,0,0
tenant_ccf_all_seg_0002/_staging/metrics/app/frontend.csv,a80bdea5418a70aa66f6019a77f87419cbffe5fb0987363a48dac4950adaa5a0,1264,0,0
tenant_ccf_all_seg_0002/_staging/metrics/app/paymentservice.csv,9b455ede4466432a312f8eef61567c61e92654eeff17efb73170c64938e68c94,1236,0,0
tenant_ccf_all_seg_0002/_staging/metrics/app/productcatalogservice.csv,a7b0d834a02f120ce0470b80aba56f8cff9527ae889d61b69a1d29c8cc3f7be8,1260,0,0
tenant_ccf_all_seg_0002/_staging/metrics/app/recommendationservice.csv,7eeb005af34c156dd4c0a7c93aea4ce59a7432e385f78c93c1b000b6a2e8305a,1238,0,0
tenant_ccf_all_seg_0002/_staging/metrics/app/redis-cart.csv,1d38ef06a7fca517c2f71afd51a5bfab258ead7dd0ceda853d8639b8639bdafc,1246,0,0
tenant_ccf_all_seg_0002/_staging/metrics/app/shippingservice.csv,375231acf34f747b0987a154a3f72de020a8e31f5add9d063378083bbc6791e6,1246,0,0
tenant_ccf_all_seg_0003/_staging/metrics/app/adservice.csv,6f5feed3348c46f0c3635dc740b996b81ca0d86ce8d9b526c37760a8a9de5f1d,1450,0,0
tenant_ccf_all_seg_0003/_staging/metrics/app/cartservice.csv,243c7a30f7c236abf0b8f652c9cf48f269faf9b4be1427489a0fa58a6cceecb2,1432,0,0
tenant_ccf_all_seg_0003/_staging/metrics/app/checkoutservice.csv,7ab06e20fc477a147849facf53062b57fd6847e8a804c0801f503d0fd9469ae3,1450,0,0
tenant_ccf_all_seg_0003/_staging/metrics/app/currencyservice.csv,8ca0b1ee51250f49d1723d53692d471d14761d52eacb384a21bf0c27a9c53aae,1450,0,0
tenant_ccf_all_seg_0003/_staging/metrics/app/emailservice.csv,09880cb816bdb32624c02d1cb8bf986e9be8ba20ffc986d694e502e03fd98434,1399,0,0
tenant_ccf_all_seg_0003/_staging/metrics/app/frontend.csv,134c2e2a402c2906fe1d24784fdd33847144978c239caedb7330d1789b6b8e19,1450,0,0
tenant_ccf_all_seg_0003/_staging/metrics/app/paymentservice.csv,ea043d08b566cf81c77ab1df6411a3327cfb3ef92756614b2000846df3db3b7d,1422,0,0
tenant_ccf_all_seg_0003/_staging/metrics/app/productcatalogservice.csv,c4f46048f4b21c0e3336af0f2afd51cf8962146290687abbc121ffeed3a614a8,1446,0,0
tenant_ccf_all_seg_0003/_staging/metrics/app/recommendationservice.csv,31b4fe6f1a270faeb61666b660c30259747b94c5588f797e81fa903c423e023f,1414,0,0
tenant_ccf_all_seg_0003/_staging/metrics/app/redis-cart.csv,3568b1145f954d443a8b8f34b496a329b434c15cbc09245e9292680486619155,1432,0,0
tenant_ccf_all_seg_0003/_staging/metrics/app/shippingservice.csv,c283fba8f1bb6aaee04bd773f44cb725e9656fe48cab42f771196fa9ea98ae9a,1432,0,0
tenant_ccf_all_seg_0004/_staging/metrics/app/adservice.csv,678b9c2bc713599ecaf314aa719bb26cfcb49d29ccfb4b53311a210e8a0327d0,4018,0,0
tenant_ccf_all_seg_0004/_staging/metrics/app/cartservice.csv,dc421d7c36103a915315b69c5b4ce5bc861357638fc63d46071527b2278cbbed,4000,0,0
tenant_ccf_all_seg_0004/_staging/metrics/app/checkoutservice.csv,cf98729d0ead010f825fb8e04b84fb21638f9527ac1a39f0c0ba12377fb742a1,4003,0,0
tenant_ccf_all_seg_0004/_staging/metrics/app/currencyservice.csv,dc747d9a707f202ae135d0897b48cf21442e732ea76c5f1e8c3b1360c54cefb3,4018,0,0
tenant_ccf_all_seg_0004/_staging/metrics/app/emailservice.csv,f601ee8873c35b683223adb81b2d491bfb2abc3368dbc77f7e61c9962e9ee887,3941,0,0
tenant_ccf_all_seg_0004/_staging/metrics/app/frontend.csv,ed368f7572a7e928b1e1f8e98fbdb243c238263214267d3be270ae404ee8e91f,4018,0,0
tenant_ccf_all_seg_0004/_staging/metrics/app/paymentservice.csv,202df7cb52538f4cb3a2b81e42d00d8ded7ee204a78adc3d442b0fe4beb7ce1d,3966,0,0
tenant_ccf_all_seg_0004/_staging/metrics/app/productcatalogservice.csv,aa022b0f5aeb683a75cf22bef1e2402d6337432b0492d99d846f80cf2c344289,4014,0,0
tenant_ccf_all_seg_0004/_staging/metrics/app/recommendationservice.csv,485bc555c4f5c179683b2e03240feefc2172c8505e3364cf9ebf284601ac2abf,3952,0,0
tenant_ccf_all_seg_0004/_staging/metrics/app/redis-cart.csv,37c1f53d39ce3d8443e846fd146b492074128ab51d65beca375adbfe6b06433e,4000,0,0
tenant_ccf_all_seg_0004/_staging/metrics/app/shippingservice.csv,2c8c7227ce67db92633a1181b995216e331fa6b3d6538e29ba1973d947fe63d7,3997,0,0
tenant_ccf_all_seg_0005/_staging/metrics/app/adservice.csv,25dee15f202cc75ccab3d45c2b25667af93d5025371871a6c530370764ec86ec,1798,0,0
tenant_ccf_all_seg_0005/_staging/metrics/app/cartservice.csv,17f36ab7f0ca02208ee417389a5faf54c4093fe8bcbb398e306551ae22b335d1,1783,0,0
tenant_ccf_all_seg_0005/_staging/metrics/app/checkoutservice.csv,8c0b534a868aa6d7a3905d4586c5d1be2d9361745c67f91777cee69a1e4991c6,1786,0,0
tenant_ccf_all_seg_0005/_staging/metrics/app/currencyservice.csv,d29374dbdd6937962ec8a69b1e6acf9949c57f99cbbe2d0101805aad5eeac391,1798,0,0
tenant_ccf_all_seg_0005/_staging/metrics/app/emailservice.csv,ee04576c08a6074c5b63fb180d6d494b14e5d260ab3185c64fcca1c62068713f,1760,0,0
tenant_ccf_all_seg_0005/_staging/metrics/app/frontend.csv,55fa93dbf2011f129c7404c3a1888cd9737544d8ea4321176d6181cbefcd4c15,1798,0,0
tenant_ccf_all_seg_0005/_staging/metrics/app/paymentservice.csv,f83f2ef97b04fa0795f85d415c50901931882cf23261fdff3401f8f1704e89a0,1762,0,0
tenant_ccf_all_seg_0005/_staging/metrics/app/productcatalogservice.csv,34410839824134ece0df4416a192f67641fad0e134ec8537d0c1fd710ccad26d,1798,0,0
tenant_ccf_all_seg_0005/_staging/metrics/app/recommendationservice.csv,47bd1a2c4f9823cd2946583fe9a683dd5af8ae9cb2778e0869450ce328bdddb9,1767,0,0
tenant_ccf_all_seg_0005/_staging/metrics/app/redis-cart.csv,fcd39790f7116db5940c8d9e846cfdf638f1c59747335fb8c08f42305701b751,1782,0,0
tenant_ccf_all_seg_0005/_staging/metrics/app/shippingservice.csv,e56d58f18aa2d200edd1d0a219c30f5f72148b9afbf801ce75edad499c39c282,1783,0,0
tenant_ccf_all_seg_0006/_staging/metrics/app/adservice.csv,b4681e522386b924ced63dbe18e5750fe65690a31da5b991d91f6572e13fb2ec,3419,0,0
tenant_ccf_all_seg_0006/_staging/metrics/app/cartservice.csv,47c3adf064336a5b1ce9ba21ed10c85802d34b991567098222bdd7f08f3be78c,3404,0,0
tenant_ccf_all_seg_0006/_staging/metrics/app/checkoutservice.csv,21fb745c1b62c58b7268dc8671533a50cb8c568289961e729ff1acfda86c00ab,3413,0,0
tenant_ccf_all_seg_0006/_staging/metrics/app/currencyservice.csv,c3c1be04c4b6acdd884eabd9f1603888acd0db07fb0fe9dd2017af3b282a2f55,3419,0,0
tenant_ccf_all_seg_0006/_staging/metrics/app/emailservice.csv,570cd3ceca3396b4f080af8bb6607797f21ff1a2c014d20484fb6dc9824ac577,3385,0,0
tenant_ccf_all_seg_0006/_staging/metrics/app/frontend.csv,46912ad2d2eaf801a96493c080ad28be141fcdd83bc6df215ca7b3d9cf190518,3419,0,0
tenant_ccf_all_seg_0006/_staging/metrics/app/paymentservice.csv,ce5d0dd2366a7b4db928a0a61163d73d3978362eaaeef0eaf1107cc2df880213,3384,0,0
tenant_ccf_all_seg_0006/_staging/metrics/app/productcatalogservice.csv,0dd86680752f84075eae8643f066a07e0e83cf08e2f7dca82437967dc666222a,3419,0,0
tenant_ccf_all_seg_0006/_staging/metrics/app/recommendationservice.csv,c92c3d1ebc48dce1ab3a6009c0781534246dad93d925c593cb0c16324ec5a4fa,3378,0,0
tenant_ccf_all_seg_0006/_staging/metrics/app/redis-cart.csv,5d2438e1feac78cd94bb13f4b3d0ae5748de6ad24a933787449859a350a5dd54,3391,0,0
tenant_ccf_all_seg_0006/_staging/metrics/app/shippingservice.csv,20287db1d6bb75ebacab2ede5f562bc6d7ccaddf8b4a991aaeee3da22dcd8073,3394,0,0
tenant_ccf_all_seg_0007/_staging/metrics/app/adservice.csv,32cf4ec3d79859b0f87ced9758573d3247c1711a9b1ba475fcef789ad3dad733,1799,0,0
tenant_ccf_all_seg_0007/_staging/metrics/app/cartservice.csv,64449a0267b65776d2ece39325795ace9f4e7f9e2c62a849b23b341e9fee14e5,1799,0,0
tenant_ccf_all_seg_0007/_staging/metrics/app/checkoutservice.csv,d43fb54f79159ade78fbf651c5ff6020963b9f60212cb065eeaf03b90cb2d1ed,1799,0,0
tenant_ccf_all_seg_0007/_staging/metrics/app/currencyservice.csv,51ece03d10388b44401c422c358c9bf3ef2facbb220c00bb6f0e39e833c730c2,1799,0,0
tenant_ccf_all_seg_0007/_staging/metrics/app/emailservice.csv,a0eadc5bba42dedd2d4c11021294a338b5b7537c100d6e2eb9aa2e3e16f00630,1789,0,0
tenant_ccf_all_seg_0007/_staging/metrics/app/frontend.csv,f8a35e2a8fd71e499a2183e68b0aab2cfb44b88d75767c5b066e6d58ba6fcee0,1799,0,0
tenant_ccf_all_seg_0007/_staging/metrics/app/paymentservice.csv,290e200068d62db9c62ce9da0d16b8664f8caffb4319fecb04dfb79c2e47bfe1,1788,0,0
tenant_ccf_all_seg_0007/_staging/metrics/app/productcatalogservice.csv,0252e446cfa08ca46f279ef7733d568e284f3aa36db8b6f0063a8a95db78fb37,1799,0,0
tenant_ccf_all_seg_0007/_staging/metrics/app/recommendationservice.csv,b3e00eb413c7b409df38a0eb77aea72ba661f0144ee87dae1bb3e55236a654c3,1789,0,0
tenant_ccf_all_seg_0007/_staging/metrics/app/redis-cart.csv,6af62b4662ef0d264212550037d1fb08fb0c4b0d029b00ec998f59d04b18384e,1787,0,0
tenant_ccf_all_seg_0007/_staging/metrics/app/shippingservice.csv,6a4c95ed253ec809665c4d868c25f92ef413274d464c943f49d87bae04d5b2a4,1789,0,0
tenant_ccf_all_seg_0008/_staging/metrics/app/adservice.csv,dd2cf7ae8ee04d0eaadcb55206dd545385745ce00355f7f2c7ef2bb174070b53,5136,0,0
tenant_ccf_all_seg_0008/_staging/metrics/app/cartservice.csv,1316a9d354c96432ff40757aed34ab4ff4f32e98be199074085639fecad6f826,5124,0,0
tenant_ccf_all_seg_0008/_staging/metrics/app/checkoutservice.csv,007d0840cb3055f0367690ee50164e736ea234e4531155aa5073d31260744441,5122,0,0
tenant_ccf_all_seg_0008/_staging/metrics/app/currencyservice.csv,599bd5f5fbd55724b1cd00c29d8f3bc056276000206abceb07c8a72e96e40412,5136,0,0
tenant_ccf_all_seg_0008/_staging/metrics/app/emailservice.csv,d90de2c461509159c219464e68a5a1fd4f7e009d4749f2beaaab54a718688d44,5079,0,0
tenant_ccf_all_seg_0008/_staging/metrics/app/frontend.csv,9b826d00cb90604f75c1f92f1c3e9900e13cf59b440e1244cf92965449cffa2e,5136,0,0
tenant_ccf_all_seg_0008/_staging/metrics/app/paymentservice.csv,138ab8635f253b4978a57a9728bf077a7d9b42a3ea383f2889750bae63630d2c,5083,0,0
tenant_ccf_all_seg_0008/_staging/metrics/app/productcatalogservice.csv,e1459f1549b498d98b558a7d0d347d410ba8f5f6f8dba2b48b1da9847c8fccca,5136,0,0
tenant_ccf_all_seg_0008/_staging/metrics/app/recommendationservice.csv,3c2ecb280181fb36067ac0543a809551d99cda90ce7e755070341b4821e21a3a,5093,0,0
tenant_ccf_all_seg_0008/_staging/metrics/app/redis-cart.csv,3390ae6d8e50e4866f2195dae10fd7e5bc81e6dc01c03a8edff85b92b8a64a62,5068,0,0
tenant_ccf_all_seg_0008/_staging/metrics/app/shippingservice.csv,75523ec664e8272f6e0d13b783910643a77af70c9059b273fb89d25cc9d7a6ca,5098,0,0
tenant_ccf_all_seg_0009/_staging/metrics/app/adservice.csv,35e23de1752506c4839504a8ccb156ccf7c15151b245eb9edca6bac20e12b956,3899,0,0
tenant_ccf_all_seg_0009/_staging/metrics/app/cartservice.csv,6f6908b24e5ebf08c392c3d2d2b85887cfe9200fc0d1763a3796d65454330b54,3925,0,0
tenant_ccf_all_seg_0009/_staging/metrics/app/checkoutservice.csv,d6dd24d07e72110f00d820c263ff02394978eed82c39cb5ca1f0fa679e3deeb2,3925,0,0
tenant_ccf_all_seg_0009/_staging/metrics/app/currencyservice.csv,ce3c1affbdd41c6c813ea8581335c645f8e7034d9500d766a7ddf30b5ba9537e,3925,0,0
tenant_ccf_all_seg_0009/_staging/metrics/app/emailservice.csv,d9bff8cf614ad36896a01cba9382d062f5fa5c9729160b277a6e3c6e496fc247,3888,0,0
tenant_ccf_all_seg_0009/_staging/metrics/app/frontend.csv,f71dc3fa88fc047164dfbfbc7534a4e696ba58f28813fb4dcda5468b4f9468a5,3925,0,0
tenant_ccf_all_seg_0009/_staging/metrics/app/paymentservice.csv,cc8c212b7518fdb97ad900a0f1981c6991153f935eda950c2274faf1a707f7cd,3892,0,0
tenant_ccf_all_seg_0009/_staging/metrics/app/productcatalogservice.csv,1b81969359150b62dc32c3322444a994a7aeb4bae69b3651dca87cea2bd40086,3909,0,0
tenant_ccf_all_seg_0009/_staging/metrics/app/recommendationservice.csv,0a56a7f4f702b65c1e99fb6397fcf22c0d274673aad1d06a95d39be7a3d52d73,3894,0,0
tenant_ccf_all_seg_0009/_staging/metrics/app/redis-cart.csv,32eb67128747222eee45e64a952edbb7ae031baa5ba6ebf84ff8d7ec6714cf6e,3792,0,0
tenant_ccf_all_seg_0009/_staging/metrics/app/shippingservice.csv,76d1d133d2165b42ab2bc0c0c982472c469b17a9729a44f1676eac023afca199,3892,0,0
tenant_ccf_all_seg_0010/_staging/metrics/app/adservice.csv,5fa36ab0c39ecff93c6f473bf04189ef4e5a7a5b0c8b70930a81cbd6399eb406,12,0,0
tenant_ccf_all_seg_0010/_staging/metrics/app/cartservice.csv,7efd8f3ad4eeb64e91f332146421ab2665e20f9deb8e1da80357927e913cfee1,12,0,0
tenant_ccf_all_seg_0010/_staging/metrics/app/checkoutservice.csv,494800144e8cced2336c7252b394d6687320d9bf8de969a5bbb7ee63c3257a2b,12,0,0
tenant_ccf_all_seg_0010/_staging/metrics/app/currencyservice.csv,73fa6e370ddd3e6adcf24af5b9248b156c8a0cddeaf19aaff94b9fd86a098136,12,0,0
tenant_ccf_all_seg_0010/_staging/metrics/app/emailservice.csv,ab8850f2fb8f8e84380afe6402533fd8eb0e11f8ded33fcd54362b720aee5bec,12,0,0
tenant_ccf_all_seg_0010/_staging/metrics/app/frontend.csv,333f7471229ebccbd452dc0acef9e43b82efd79de06aa5fcdc1c6038abf844c7,12,0,0
tenant_ccf_all_seg_0010/_staging/metrics/app/paymentservice.csv,c3e3d0f8a57e557f92b5db0948c698d77f3d1f1ebeb798951fd3f6171217ff6e,12,0,0
tenant_ccf_all_seg_0010/_staging/metrics/app/productcatalogservice.csv,83f436551d0bdb995967d607c52876cdc1bba11c8e84c38283380a2e681dc5de,12,0,0
tenant_ccf_all_seg_0010/_staging/metrics/app/recommendationservice.csv,60fe933a1cac22de9e4beeb46e0f68e8975a484037d9099f2245a1535b5d5dc1,12,0,0
tenant_ccf_all_seg_0010/_staging/metrics/app/redis-cart.csv,6de3a7a25291569066172e8c1bf46f4d991e6d5f293afbe3f33663c523981017,12,0,0
tenant_ccf_all_seg_0010/_staging/metrics/app/shippingservice.csv,4732f48b7b461e671a5add714ed436382378e53b9a0b22be3be88743e57bf6bd,12,0,0
tenant_ccf_all_seg_0011/_staging/metrics/app/adservice.csv,2f62f838410f947bc35dddacbd1d058f3f0f9a69ada53e3941313553483920a1,672,0,0
tenant_ccf_all_seg_0011/_staging/metrics/app/cartservice.csv,e1e1b57b3421e5939bed6593265efacdbb52a2dc94a038e790c4262dee40f186,672,0,0
tenant_ccf_all_seg_0011/_staging/metrics/app/checkoutservice.csv,8645ac301768d58b57f2c67a446dbe7faa97c66251d29ead43756413bfd5373e,672,0,0
tenant_ccf_all_seg_0011/_staging/metrics/app/currencyservice.csv,4fe83f65c427d17beb4d2c138e224e7d4eec2df265fefb95bc047bdd390d8451,672,0,0
tenant_ccf_all_seg_0011/_staging/metrics/app/emailservice.csv,4146e8b12cac4aa48c694dca5d53fc71a87dea7a9b549a12ea0a3bfe085a20d9,645,0,0
tenant_ccf_all_seg_0011/_staging/metrics/app/frontend.csv,175016eb425869673b45ded6c093757d1fb589ab205067c63375a7d856f6ff71,672,0,0
tenant_ccf_all_seg_0011/_staging/metrics/app/paymentservice.csv,818bbc02795d9c746dd7b97b268d6ce510ef5b46c4919ac3e2fa08b1f05e0800,661,0,0
tenant_ccf_all_seg_0011/_staging/metrics/app/productcatalogservice.csv,c69612471fdf769b0e118c471dda75a80c2444598eaebc25780bd5ed25b49d0c,672,0,0
tenant_ccf_all_seg_0011/_staging/metrics/app/recommendationservice.csv,cd5874cde281e17c5be5b215eeb5b4459c1002d5c25eb075111e6ae126ba41ee,672,0,0
tenant_ccf_all_seg_0011/_staging/metrics/app/redis-cart.csv,60b06d79847e4203aea3f1cbd8dd8b1cd5a8d737db36ac844090f2d19b180620,672,0,0
tenant_ccf_all_seg_0011/_staging/metrics/app/shippingservice.csv,7dc47145baa3ea271c164369bec44dd6e8d0c1509ba42bc332a30c844af89912,672,0,0
tenant_ccf_all_seg_0012/_staging/metrics/app/adservice.csv,8aabc05eb47117e04db60383d75fa65d44afd0eb5c2bdab3cc06ffc3a21c31ec,912,0,0
tenant_ccf_all_seg_0012/_staging/metrics/app/cartservice.csv,5c43df005bac1dee124d68725c6620afce5baed914d477d62d1df73025d94034,912,0,0
tenant_ccf_all_seg_0012/_staging/metrics/app/checkoutservice.csv,fa62deb1d5a82da6a5fac499b09b2e30b560beff40ca9b4d94bd5277e56f54f4,912,0,0
tenant_ccf_all_seg_0012/_staging/metrics/app/currencyservice.csv,f00dfbe68008322ccf8bda066ff665254aa06a7d76477ee44c285a3aa5a120e2,912,0,0
tenant_ccf_all_seg_0012/_staging/metrics/app/emailservice.csv,796c699195d45cd7d62a9eea65da10c560e04eba2595853d1e0954fbbfcf0900,854,0,0
tenant_ccf_all_seg_0012/_staging/metrics/app/frontend.csv,e2338597ab1e100ec6ee1601febffa2e409466df05d0d91e0869466387fc24be,912,0,0
tenant_ccf_all_seg_0012/_staging/metrics/app/paymentservice.csv,7f63295eebd0ee28d039bb1b27b218631406c2e0c4f6b4d52046c89cb46019ad,870,0,0
tenant_ccf_all_seg_0012/_staging/metrics/app/productcatalogservice.csv,3b42c8903b58ec8205f6607bdd647fb7da776e26ad54f021911d2d0c399b27ca,912,0,0
tenant_ccf_all_seg_0012/_staging/metrics/app/recommendationservice.csv,fc33c6bf01464f2a89f9eb0c221361213111554a2998704564c3786c8c395260,912,0,0
tenant_ccf_all_seg_0012/_staging/metrics/app/redis-cart.csv,b7b723e8b8ab3a6456a110fb030416961b1837d7732af0a178e7b9adbd56b8d5,912,0,0
tenant_ccf_all_seg_0012/_staging/metrics/app/shippingservice.csv,9e033cbeba8f4bb20b4d972478ccde3b325b20626a65eaf1702c1bb804ff3133,912,0,0
tenant_ccf_all_seg_0013/_staging/metrics/app/adservice.csv,12b4511590e742d64ee28ce65c786fe09d7e81f31967c8ec09c44d84de02edeb,1235,0,0
tenant_ccf_all_seg_0013/_staging/metrics/app/cartservice.csv,aebbc6531b15e55c6a3093fc8190c1f2f160bf525e257556fc52ff1d19ff013b,1235,0,0
tenant_ccf_all_seg_0013/_staging/metrics/app/checkoutservice.csv,1d1a35be50de93eb2c22a980c827cc076784f9230e4323593f07f041311c2680,1222,0,0
tenant_ccf_all_seg_0013/_staging/metrics/app/currencyservice.csv,43287b70824e889598da63a8290a69c0687d3b2225f47f39e759209c2fd04ac8,1235,0,0
tenant_ccf_all_seg_0013/_staging/metrics/app/emailservice.csv,b27105f7b935a1febcafbf3bb70c5a6477bc244bc33e79778df2b79f4de2feda,1164,0,0
tenant_ccf_all_seg_0013/_staging/metrics/app/frontend.csv,919c6a899637ab178c54682028e38d93e496ce3010f0e966f58997ebc7045f7b,1235,0,0
tenant_ccf_all_seg_0013/_staging/metrics/app/paymentservice.csv,e00098561b90d6da8961e7402e117d6bfa334c9ef10498ab5d174a6a87badacb,1179,0,0
tenant_ccf_all_seg_0013/_staging/metrics/app/productcatalogservice.csv,b38881a18e4262275b989b9d893fea6ee1b759ea7d192b761a5efd982587c10e,1235,0,0
tenant_ccf_all_seg_0013/_staging/metrics/app/recommendationservice.csv,2555b4e71b15066b2364127d9c0c90d78e92d6a1f604159651cb55e2c8750cb7,1235,0,0
tenant_ccf_all_seg_0013/_staging/metrics/app/redis-cart.csv,37ce4e6320af0a7f70a2017da5a6a465a9c41b8b4105aefdf1caafb7a37735cf,1235,0,0
tenant_ccf_all_seg_0013/_staging/metrics/app/shippingservice.csv,bc747eeed83b3a6229fd25906568bb6419c428ac0e1e73630ec2597bd9a781f2,1235,0,0
tenant_ccf_all_seg_0014/_staging/metrics/app/adservice.csv,64e44d6aa789f0a076ff3162f1aa9ca180b23c9199686e30b73dd390ace4af7f,2830,0,0
tenant_ccf_all_seg_0014/_staging/metrics/app/cartservice.csv,8393914aa9e7aa797999d391156fe939f14c235bade07ca6191e6f0d1bec7802,2830,0,0
tenant_ccf_all_seg_0014/_staging/metrics/app/checkoutservice.csv,240a84d4f49161f3f2fcfdd45d3a8ee735e9efd8b66fb27a855ea6f23ca5be5b,2803,0,0
tenant_ccf_all_seg_0014/_staging/metrics/app/currencyservice.csv,d43f92062f16f4a8e11cdbce95cc33bc9a94f8ac690773ee381305e93f145367,2829,0,0
tenant_ccf_all_seg_0014/_staging/metrics/app/emailservice.csv,0d3cecb44beb9c38065ac8fe56326bda1f466834df30642a6da089bf1e8aed7e,2730,0,0
tenant_ccf_all_seg_0014/_staging/metrics/app/frontend.csv,ae353070968ef768bae5557a97b9ed2106fe4de5b7c1de6e00ffdc4245bbcf23,2830,0,0
tenant_ccf_all_seg_0014/_staging/metrics/app/paymentservice.csv,4808137447835989f47c74a079cb94749f14d99cf5dfddf8320a0cc38782dcbb,2745,0,0
tenant_ccf_all_seg_0014/_staging/metrics/app/productcatalogservice.csv,4ac8da73cbd44fd649cb79bb6de67871366d89fad45052c406d93b5382671a76,2816,0,0
tenant_ccf_all_seg_0014/_staging/metrics/app/recommendationservice.csv,294897dd5128d3851de1d768f6fcacaad049378a6690fbd03ec1c570e30f9302,2828,0,0
tenant_ccf_all_seg_0014/_staging/metrics/app/redis-cart.csv,d93557d33682f377c6619f3e44e6435a4cc48a98fb177a061480e3d453ba5e53,2830,0,0
tenant_ccf_all_seg_0014/_staging/metrics/app/shippingservice.csv,771144653cc21497455a0d2aa346427c6c4e6791eb158717cc2ae12c3a39340b,2824,0,0
tenant_ccf_all_seg_0015/_staging/metrics/app/adservice.csv,8a84fd5cc3d3d46e1fe1188b61e4896f5de5a92714dc4f221498edc1b399c714,2279,0,0
tenant_ccf_all_seg_0015/_staging/metrics/app/cartservice.csv,b002e45a0956a05b9c21ecc3d135974accfabbd40c3f37ad2bf3732729f880a9,2279,0,0
tenant_ccf_all_seg_0015/_staging/metrics/app/checkoutservice.csv,2cf6a571953453e42abc31bc4e2f3b62f83cac40ea1295578333845d3bc8915b,2265,0,0
tenant_ccf_all_seg_0015/_staging/metrics/app/currencyservice.csv,bf1d21afc547850918295c599580f0f8de7207bea0bddd3752ce2a1df5ea1426,2278,0,0
tenant_ccf_all_seg_0015/_staging/metrics/app/emailservice.csv,4eef4461247e369e144d3475ff122a8fc7fbaafb03c9274015abd0d11f5c73f4,2192,0,0
tenant_ccf_all_seg_0015/_staging/metrics/app/frontend.csv,1300d0a7d91c5581c117d856ebd35ca21a673831fe7e529659fc5e57135ceb64,2279,0,0
tenant_ccf_all_seg_0015/_staging/metrics/app/paymentservice.csv,d108a9562e968917f88f9523fac72e9be32299547dc35b2c5920477a320cf2d3,2203,0,0
tenant_ccf_all_seg_0015/_staging/metrics/app/productcatalogservice.csv,2bd150d9c1182c53dc8c3d969bbb3d2a349cf98bd17054a2011e0361f841d59d,2265,0,0
tenant_ccf_all_seg_0015/_staging/metrics/app/recommendationservice.csv,48a184eb67b76de3afa6b3f917ed06d91520e59d147b6bfdd8ceed38b17bdecf,2277,0,0
tenant_ccf_all_seg_0015/_staging/metrics/app/redis-cart.csv,97b93c6798746c353850ced21d2bdb88b5178bb43eac661fe3d6ab8ce235699f,2279,0,0
tenant_ccf_all_seg_0015/_staging/metrics/app/shippingservice.csv,753c489a385ed9169608776b8d00725a023313b0cc512d9375ca784526b6903b,2272,0,0
tenant_ccf_all_seg_0017/_staging/metrics/app/adservice.csv,d4339adaeae5622a15cde8bdde388196d29f8eee750866f9230d6e0eacf80061,3106,0,0
tenant_ccf_all_seg_0017/_staging/metrics/app/cartservice.csv,a80da07e4713d0bfa885c13a7b756c3d32498274dd126bcb38fcf0fb568d03b2,3106,0,0
tenant_ccf_all_seg_0017/_staging/metrics/app/checkoutservice.csv,c02b5a015fddb6d593a6a85712c262adab229cf0fdcc95280d7abd971727b5b3,3100,0,0
tenant_ccf_all_seg_0017/_staging/metrics/app/currencyservice.csv,e695d0eae1d61c234747b6dbbf80c5595c09a7f7d394e19a25614008a074198e,3094,0,0
tenant_ccf_all_seg_0017/_staging/metrics/app/emailservice.csv,d43d1287f3d1cbefb8c7afadb9983c9a80b6e70124bd739526457a1d95523d5b,2917,0,0
tenant_ccf_all_seg_0017/_staging/metrics/app/frontend.csv,d32ef020a126d5495df9440dfbe2bd60733b6b14bc8795084c5be5b6c427bd03,3106,0,0
tenant_ccf_all_seg_0017/_staging/metrics/app/paymentservice.csv,b81ab3d735a195147059a9ed3fb7f0ed4c0a4133591eb94bec4f507a8ab4bd8f,2975,0,0
tenant_ccf_all_seg_0017/_staging/metrics/app/productcatalogservice.csv,ee0a2cad0f5d646f01823c61f0a0ecfc094e9cb2af9eb87d9c1c11e9b65be560,3106,0,0
tenant_ccf_all_seg_0017/_staging/metrics/app/recommendationservice.csv,e48f6e6af4a74535697c6a22a1c0a32da064f54d52591c22495a5a819cfe078a,3081,0,0
tenant_ccf_all_seg_0017/_staging/metrics/app/redis-cart.csv,a8b9181e1502b7122a97fe3c38ff9302cab7046da368d5135e05ec4faa683b8d,3104,0,0
tenant_ccf_all_seg_0017/_staging/metrics/app/shippingservice.csv,8b20481780f1ffa89f21185db1cfa26a8fd1ea3b74776c76bdaa0749d2113617,3090,0,0
tenant_ccf_all_seg_0018/_staging/metrics/app/adservice.csv,a8c461c01d8a704723f932638ed3cd4d8fc7c7ec69b192cb34ed6fddf07dc872,2518,0,0
tenant_ccf_all_seg_0018/_staging/metrics/app/cartservice.csv,961448a176bbd290aeea436dc4edf20a323f66ff8cb542f702ed8fe440236d22,2518,0,0
tenant_ccf_all_seg_0018/_staging/metrics/app/checkoutservice.csv,7f86e927c25e6965936651c24eccf9df64916821b611467e673c75237721bfb8,2443,0,0
tenant_ccf_all_seg_0018/_staging/metrics/app/currencyservice.csv,b8b08dd9137dd1f51a254d3ba63642ae56158177d05f03e1136937ed5b44c7a9,2518,0,0
tenant_ccf_all_seg_0018/_staging/metrics/app/emailservice.csv,53a1c70bc473879a00feffd70ca59ae23bbd0fd5fc3381c45990ab44aa4522db,2316,0,0
tenant_ccf_all_seg_0018/_staging/metrics/app/frontend.csv,0c09e9f305071c26a19c0775044f410b33adceb8d3236f70b23cca36a5bcd183,2518,0,0
tenant_ccf_all_seg_0018/_staging/metrics/app/paymentservice.csv,7122c68607265ff7930b765ee418962a441a80421600ab5607e42741b0aa0b3b,2346,0,0
tenant_ccf_all_seg_0018/_staging/metrics/app/productcatalogservice.csv,625075750bd4ab4e7f0f5d21a608670d68f8f0a624b84a6657dde346ee04c3b5,2518,0,0
tenant_ccf_all_seg_0018/_staging/metrics/app/recommendationservice.csv,5bec0aea5a9b78a6c074c97e2ee796121159d5818f2799e6955ef9e6c062d015,2484,0,0
tenant_ccf_all_seg_0018/_staging/metrics/app/redis-cart.csv,d7df2807272af61cd13fd58c8a91ea74c89702f88c1989c3ee2c7837b51f1bae,2516,0,0
tenant_ccf_all_seg_0018/_staging/metrics/app/shippingservice.csv,ffeb0605001f6efb18a60391bc19de3a58a6f8b29c7edaf72af6275402a02abe,2475,0,0
tenant_ccf_all_seg_0019/_staging/metrics/app/adservice.csv,c10b317db8a4f4c888609ad1eddb014a6390ef3ed143a08374b7891beb66320d,1573,0,0
tenant_ccf_all_seg_0019/_staging/metrics/app/cartservice.csv,1bdfda10804ddfffa9cba5dedcefd266cf23a9d9b7618580a4557a8d28e2d78e,1573,0,0
tenant_ccf_all_seg_0019/_staging/metrics/app/checkoutservice.csv,c0fedf3fd444ee8f2405b77ee77ce3dd4a2390c1681c8c9b69d7eb46e4c576a4,1504,0,0
tenant_ccf_all_seg_0019/_staging/metrics/app/currencyservice.csv,7fb98e3a4d91b36f78d7493c6efd58ac98d0b00cb2b33eadffdb7ec0184e4dbc,1573,0,0
tenant_ccf_all_seg_0019/_staging/metrics/app/emailservice.csv,c3b3edff23018acace35bf086c7a11629685ba27018c5f754ede1a9e505f7c5e,1429,0,0
tenant_ccf_all_seg_0019/_staging/metrics/app/frontend.csv,ad99d5bf13ad8dddf3edf547d59466dba3d48308f64342af50306c9e3ee3974a,1573,0,0
tenant_ccf_all_seg_0019/_staging/metrics/app/paymentservice.csv,f5cbc859b6961f109caaa28fc636d57ea9c9011951cb5c0f09162738bae1473a,1428,0,0
tenant_ccf_all_seg_0019/_staging/metrics/app/productcatalogservice.csv,5c414f39c575015ba4763f0b8b6e98aa6df0ae0c2d6e13dc31d042b823dc2588,1573,0,0
tenant_ccf_all_seg_0019/_staging/metrics/app/recommendationservice.csv,a8e2a2db97af38ec9e880aabceaa0cdb58fc479eab17cff949fa0c30cd9c1eb3,1541,0,0
tenant_ccf_all_seg_0019/_staging/metrics/app/redis-cart.csv,a571f30ba9e615669876775835117b842f95b2aae4a3e50908b1435bf52243fc,1573,0,0
tenant_ccf_all_seg_0019/_staging/metrics/app/shippingservice.csv,3b7fb6bedfc91f3c3abb78bbc2224531fa712c2e0ef6ab3fc3f8f05e7032a9ab,1533,0,0
tenant_ccf_all_seg_0020/_staging/metrics/app/adservice.csv,e0fe2f8304eee41c8d9469e10f7f62706bb501c301d1d34ce6d5bcb578e418b5,2073,0,0
tenant_ccf_all_seg_0020/_staging/metrics/app/cartservice.csv,7f1fc2769b0b4096bf100b57c68eaf3836efd2bbf913d923d1f54370c6689689,2073,0,0
tenant_ccf_all_seg_0020/_staging/metrics/app/checkoutservice.csv,86b67594616341656b4beda42df0c56aa29c6ed26690baefc0a9e5859ad72c23,1988,0,0
tenant_ccf_all_seg_0020/_staging/metrics/app/currencyservice.csv,4ff4129fc063ce907ca527b4d83035e8c42f6a767e80c7be74e2abe946bdad14,2073,0,0
tenant_ccf_all_seg_0020/_staging/metrics/app/emailservice.csv,2b48ec603ae10db45b09e4c820036de35ebe3855675242aa4cfaa23b0bb6336f,1901,0,0
tenant_ccf_all_seg_0020/_staging/metrics/app/frontend.csv,53d1c86dcbd94e632fbe2fbc8f64b1c4998a8fd3ad1447c58bccf2132844c228,2073,0,0
tenant_ccf_all_seg_0020/_staging/metrics/app/paymentservice.csv,abe9abf6fdb18b7554f88a651221d64ad5133466fd2c2b7d8bef29d30567cbed,1906,0,0
tenant_ccf_all_seg_0020/_staging/metrics/app/productcatalogservice.csv,e27b175d123d2c3b477ad3b9aa2f9046c9a347ac3f1f7286711bf9607dc5705f,2073,0,0
tenant_ccf_all_seg_0020/_staging/metrics/app/recommendationservice.csv,8c8368ff7fad0b1c5491df35eaa930434d1c80b64fd8f13db8330afdcf035c13,2033,0,0
tenant_ccf_all_seg_0020/_staging/metrics/app/redis-cart.csv,4474716f584bdcd085855f9c119a70d5118c616246a47b33ac862e508aaa11cd,2055,0,0
tenant_ccf_all_seg_0020/_staging/metrics/app/shippingservice.csv,a0c8b3cf92d20821d4fa369aa755425d96f5c9b0c431a805c66cc3e365768f6e,2033,0,0
tenant_ccf_all_seg_0021/_staging/metrics/app/adservice.csv,514e31ee7b066cadcf7694706c5002aaf244e53685817a03385ec1c1b6c023ff,490,0,0
tenant_ccf_all_seg_0021/_staging/metrics/app/cartservice.csv,1b4f83bf4888fbac8ff0d0a73e88b2b878e1a18618cb9ff45fcdcc60fe9c16d8,490,0,0
tenant_ccf_all_seg_0021/_staging/metrics/app/checkoutservice.csv,89373ebf2d436ba4a2562e432b50cd623e1de06ae36b28a5497563b31de13608,490,0,0
tenant_ccf_all_seg_0021/_staging/metrics/app/currencyservice.csv,fea15a7921b47ffc615c90d4b5380d8b7aab4ea6a42ae008d771bd72c6ddd955,490,0,0
tenant_ccf_all_seg_0021/_staging/metrics/app/emailservice.csv,f8a8a6ed4a0aeb40f08f48049b97fc9e75805160cb0a6cbe7505a2beca2c88e6,489,0,0
tenant_ccf_all_seg_0021/_staging/metrics/app/frontend.csv,2135faf0ecc80abcc5635a4ca66ab879842bbb10157aaf0916e65e9caf131cb2,490,0,0
tenant_ccf_all_seg_0021/_staging/metrics/app/paymentservice.csv,f1b030a8b5d33401ea0cb730130f81de3f936533cbee2c650316368aa3308499,489,0,0
tenant_ccf_all_seg_0021/_staging/metrics/app/productcatalogservice.csv,78a10a77485c2c70168f9f9405282c4e524ab8fa08ca19c452bc59dd288764c2,490,0,0
tenant_ccf_all_seg_0021/_staging/metrics/app/recommendationservice.csv,7ab17bf30fbdea47c11da10832e0308a2ebb16d7a1d833ac905b422669070666,490,0,0
tenant_ccf_all_seg_0021/_staging/metrics/app/redis-cart.csv,2329f325dbd73ae5c99bb027f701e090d6f97da68a527d58311c1eee92a35e11,490,0,0
tenant_ccf_all_seg_0021/_staging/metrics/app/shippingservice.csv,79e75852e8ece9f2283dfadca551ee8961f3870022965afa732e2fa3a552ec2b,489,0,0
tenant_ccf_all_seg_0023/_staging/metrics/app/adservice.csv,41d91cb12defb2cb0f6b684880c7969980192a1190ca2c68cdc57673a5394206,1439,0,0
tenant_ccf_all_seg_0023/_staging/metrics/app/cartservice.csv,e2dddb6927f74a1240f3ff93315b4551ce566617e1336af9a94b726613161517,1439,0,0
tenant_ccf_all_seg_0023/_staging/metrics/app/checkoutservice.csv,0c2885cf16ac286ca997098da789c37fdc48c8ca95338445223264509456082d,1436,0,0
tenant_ccf_all_seg_0023/_staging/metrics/app/currencyservice.csv,7919e5df5c74a41e412a30c76bea45db68a806b5a72d2a055ab70d4a2d8c7da1,1431,0,0
tenant_ccf_all_seg_0023/_staging/metrics/app/emailservice.csv,f65246aa83cfc57e801f0623feb7d43b4182a411ccb97783fa5fcab197e62fa5,1417,0,0
tenant_ccf_all_seg_0023/_staging/metrics/app/frontend.csv,45e9b08ef5d50b4734d46ebe46e461884c66b4481cd0e2de554a92bc286009a2,1439,0,0
tenant_ccf_all_seg_0023/_staging/metrics/app/paymentservice.csv,b4fbd02ecabc389e166407678aa5ef5beb5fb8fcdc22abee9f2cfe1972a782a4,1426,0,0
tenant_ccf_all_seg_0023/_staging/metrics/app/productcatalogservice.csv,7d2327baa6d897fd71d10137ac8c9f1af55ed259a547cd8d947b75eed9d90a6b,1439,0,0
tenant_ccf_all_seg_0023/_staging/metrics/app/recommendationservice.csv,95c7a5de629a0b69c9b450cc39def5bc10b9975ccb08e8bb0fd7547ec59e3bfa,1431,0,0
tenant_ccf_all_seg_0023/_staging/metrics/app/redis-cart.csv,e8096a483f1a0ed613b02e9d0b4f06425c2dd6bd8e368128eb09040730685264,1439,0,0
tenant_ccf_all_seg_0023/_staging/metrics/app/shippingservice.csv,cfb04fae01980f74edaf04b41d2f8912873363d632888417c16a37764bd84384,1426,0,0
tenant_ccf_all_seg_0024/_staging/metrics/app/adservice.csv,00e14c2872d79d8bc33253f6f364f9035d8255129c463bb6b1307fd90e44656e,431,0,0
tenant_ccf_all_seg_0024/_staging/metrics/app/cartservice.csv,a6fb72681b1e459dd5c722d0ff500fc82dee842eefe8998706dc0eb94fdddbd1,431,0,0
tenant_ccf_all_seg_0024/_staging/metrics/app/checkoutservice.csv,5179e566a10e00b02a7817472584967f1e03f92561a93ffccdce4fddc0c3cf05,431,0,0
tenant_ccf_all_seg_0024/_staging/metrics/app/currencyservice.csv,8b17296f4cb477419252ea3d6365e1a593c3e76b6332db0a39ac0c4b8609ae76,431,0,0
tenant_ccf_all_seg_0024/_staging/metrics/app/emailservice.csv,d067660a09fe3af94bc89148a2bb6ed1b54653dc9981fa574bcf2ebcdd7f4590,421,0,0
tenant_ccf_all_seg_0024/_staging/metrics/app/frontend.csv,75fce1dbe3130295c2a60f894174a49f4707fd78caa5fb3284c7dd256f6e85da,431,0,0
tenant_ccf_all_seg_0024/_staging/metrics/app/paymentservice.csv,7203aca7d12c767079817016b0ff4643a084a3cd09d5fe6e8ba62dff1d46336a,421,0,0
tenant_ccf_all_seg_0024/_staging/metrics/app/productcatalogservice.csv,e99338c1e8067fe8df222bdd39e6167a06c1668b5901e40bb11f827401018b46,431,0,0
tenant_ccf_all_seg_0024/_staging/metrics/app/recommendationservice.csv,3407864e156e3660a0e597c475bd0380da8184f2e6df7e6e6f069df9fa5bac1f,431,0,0
tenant_ccf_all_seg_0024/_staging/metrics/app/redis-cart.csv,649aef27b8ed91b10333a2b9cd8e4e41254165fa1f44a4c82b86f1cffb86eff3,431,0,0
tenant_ccf_all_seg_0024/_staging/metrics/app/shippingservice.csv,ec9c35447c6d7db9e2709c49ecd9401e3c58ee0fd835139b0ad71be509332cd7,431,0,0
tenant_ccf_all_seg_0025/_staging/metrics/app/adservice.csv,f8b7bef4ec51b4a124cd7f35fd08ed996ba938ca4be02307dd940f1cc1aad26a,3765,0,0
tenant_ccf_all_seg_0025/_staging/metrics/app/cartservice.csv,1172eb6a7ab8583232f61a20314524f4a1e89fcaf03c0babc74eca008f832180,3765,0,0
tenant_ccf_all_seg_0025/_staging/metrics/app/checkoutservice.csv,3dd8de69a04216d1fd04b1a9751f89aad2d9fe94e9242c13eed0f79f2a9ca303,2936,0,0
tenant_ccf_all_seg_0025/_staging/metrics/app/currencyservice.csv,63e76e863a83e4f6c040d8acccca6be0be9c61cdf7172fa98fcb8b6d18d8446b,3765,0,0
tenant_ccf_all_seg_0025/_staging/metrics/app/emailservice.csv,a7d78912c4a9afb8fff1e4d8628881f1f41256b1be8678e90e4408213a3bf355,3637,0,0
tenant_ccf_all_seg_0025/_staging/metrics/app/frontend.csv,24c371bedb27c6b2dc139b4bf179c0c7eb27ee34bf96ea29e70cc51c020a9482,3765,0,0
tenant_ccf_all_seg_0025/_staging/metrics/app/paymentservice.csv,177603d135fe2943592aa452c2232494172269792ad82fe6625643b15c655046,3653,0,0
tenant_ccf_all_seg_0025/_staging/metrics/app/productcatalogservice.csv,e97e58bf5fe5a8944f11dd5caa481940844c3da46416b4c1df71ec3dddcba26c,3765,0,0
tenant_ccf_all_seg_0025/_staging/metrics/app/recommendationservice.csv,c582c712ceefa5dbebe477a107746502657ce221d6b298fe80f96f9272310d5f,3756,0,0
tenant_ccf_all_seg_0025/_staging/metrics/app/redis-cart.csv,9a44bdfe70b58eeca6abcd00906705381be6707f8cd933d2cda10bda1a8712d3,2612,0,0
tenant_ccf_all_seg_0025/_staging/metrics/app/shippingservice.csv,2a3da5aa13d4a968bc7b5425db130faee422fec058a134c038cac7cd036c03d5,3727,0,0
